Property Type,HOA Dues,Year Built,Community,List Price,housingprice,Est. Mo. Payment,# Of Cars,High School,address,beds,baths,sqft,Heating,Cooling,# of Baths (Full),# of Baths (1/2),# of carpet,# of hardwood,Basement,Basement Description,Basement Sq. Ft.,Tax Annual Amount
Single Family Residential,$90/month,2022,Naper Commons,,"$690,088","$3,678", 2, Wheaton Warrenville South H S,1220 SNAPPER RD 60563,4.0,2.5,"2,985", Natural Gas, Central Air, 2, 1, 0, 0, Full," Unfinished,Bathroom Rough-In",,
Single Family Residential,,1987,Naperville,,"$479,000","$3,243", 3, Neuqua Valley High School,9638 Book Rd 60564,4.0,2,"3,450", Natural Gas, Central Air, 2,, 0, 8, Partial," Unfinished,Crawl",," $10,297.02"
Townhouse,$326/month,2022,Naper Commons,,"$512,104","$3,426", 2, Wheaton Warrenville South H S,1259 Josiah RD 60563,3.0,2.5,"2,474", Natural Gas, Central Air, 2, 1, 0, 0, Full, Unfinished,,
Townhouse,,1988,Naperville,,"$425,000","$2,714", 2, Naperville North High School,626 Windham Ln 60563,3.0,3.5,"1,941", Electric, Central Air, 3, 1, 0, 0, Full, Finished,," $7,178.92"
Townhouse,$336/month,2022,Naper Commons,,"$460,464","$3,123", 2,,1245 Josiah RD 60563,3.0,2.5,"2,100", Natural Gas, Central Air, 2, 1, 0, 0, Full, Unfinished,,
Single Family Residential,$90/month,2022,Naper Commons,,"$708,124","$3,768", 2, Wheaton Warrenville South H S,2323 LUCENT LN 60563,5.0,3,"3,160", Natural Gas, Central Air, 3,, 0, 0, Full," Unfinished,Bathroom Rough-In",,
Single Family Residential,,1979,Naperville,,"$620,000","$3,964", 2, Naperville North High School,1337 Pamela Ct 60540,5.0,3.5,"2,564", Natural Gas, Central Air, 3, 1, 7, 0, Full, Finished," 1,170"," $10,527.22"
Single Family Residential,$74/month,2002,Bonnema Woods,,"$1,500,000","$10,016", 3, Naperville Central High School,1219 Bonnema Ct 60565,6.0,6.5,"6,643"," Natural Gas, Forced Air, Radiant"," Central Air, Zoned", 6, 1, 10, 6," Full, Walkout"," Finished,Exterior Access",," $29,697.64"
Townhouse,$421/month,2012,Carillon Club,,"$410,000","$3,045", 2,,2626 Camberley Cir 60564,2.0,2,"1,600", Natural Gas, Central Air, 2,, 2, 4, Full, Unfinished,," $6,993.46"
Single Family Residential,$53/month,1977,Hobson West,,"$629,900","$4,095", 2, Naperville Central High School,615 Bunker Hill Ct 60540,4.0,2.5,"2,642", Natural Gas, Central Air, 2, 1, 4, 7, Partial," Partially Finished,Crawl"," 1,040"," $10,878"
Townhouse,$336/month,2022,Naper Commons,,"$540,332","$3,607", 2, Wheaton Warrenville South H S,1249 Josiah RD 60563,2.0,2,"2,697", Natural Gas, Central Air, 2,, 0, 0, Full, Unfinished,,
Single Family Residential,$90/month,2022,Naper Commons,,"$647,622","$3,467", 2, Wheaton Warrenville South H S,1260 SNAPPER RD 60563,4.0,2.5,"3,100", Natural Gas, Central Air, 2, 1, 0, 0, Full," Unfinished,Bathroom Rough-In,9 ft + pour",,
Townhouse,$255/month,1976,Country Lakes,,"$275,000","$1,991", 1, Metea Valley High School,30W331 Pinehurst Dr 60563,3.0,2.5,"1,500"," Natural Gas, Forced Air", Central Air, 2, 1, 2, 0, Full, Finished,," $4,409.86"
Single Family Residential,$90/month,2022,Naper Commons,,"$676,361","$3,610", 2, Wheaton Warrenville South H S,1248 SNAPPER RD 60563,4.0,2.5,"3,100", Natural Gas, Central Air, 2, 1, 0, 0, Full," Unfinished,Bathroom Rough-In,9 ft + pour",,
Single Family Residential,$50/month,2022,Naperville,,"$639,000","$4,410", 1,,3687 Ambrosia Dr 60564,3.0,2.5,"2,747"," Natural Gas, Electric", Central Air, 2, 1, 0, 0, Full, Unfinished,," $14,151"
Single Family Residential,,2019,Naperville,,"$2,500,000","$15,057", 4, Naperville North High School,605 W Jefferson Ave 60540,5.0,4.5,"4,617"," Natural Gas, Forced Air", Central Air, 4, 1, 4, 6, Full, Finished," 2,188"," $31,338"
Single Family Residential,,1971,Pembroke Greens,,"$580,000","$3,683", 2, Naperville North High School,1223 Elizabeth Ave 60540,4.0,3,"2,509"," Natural Gas, Forced Air", Central Air, 2, 2, 3, 4, Full," Finished,Storage Space",," $9,553"
Single Family Residential,,2004,East Highlands,,"$1,350,000","$8,316", 4, Naperville Central High School,649 Wehrli Dr 60540,4.0,3.5,"3,400"," Natural Gas, Electric", Central Air, 3, 1, 0, 10," Full, English", Finished,," $19,140.10"
Single Family Residential,,1988,The Fields,,"$475,000","$3,093", 2, Metea Valley High School,1249 Ardmore Dr 60540,3.0,2.5,"2,159"," Natural Gas, Forced Air", Central Air, 2, 1, 5, 3, Partial, Finished,," $8,736.90"
Single Family Residential,$54/month,2004,Ashbury,,"$999,999","$6,699", 3, Neuqua Valley High School,3132 Landore Dr 60564,5.0,5,"4,360"," Natural Gas, Forced Air", Central Air, 5,, 11, 3, Full, Finished,," $19,996"
Single Family Residential,$71/month,1994,Breckenridge Estates,,"$739,000","$4,922", 3, Neuqua Valley High School,2608 Winter Park Dr 60565,6.0,4,"3,622"," Natural Gas, Forced Air", Central Air, 4,, 9, 5, Full," Finished,Egress Window",," $14,067.42"
Single Family Residential,,1913,Naperville,,"$850,000","$5,365", 6, Naperville North High School,21 S Columbia St 60540,4.0,2.5,"3,000", Natural Gas, Central Air, 2, 1, 1, 9, Partial, Partially Finished, 980," $13,603.20"
Townhouse,$320/month,1997,Naperville,,"$459,000","$3,109", 2.5, Waubonsie Valley High School,842 Havenshire Rd 60565,4.0,4,"2,900"," Natural Gas, Electric", Central Air, 4,, 0, 0, Full, Finished,," $6,046.78"
Condo,$240/month,1985,Chantecleer Lakes,,"$150,000","$1,197", 1, Metea Valley High School,1577 Raymond Dr 60563,1.0,1,675, Natural Gas, Central Air, 1,, 3, 0,, None,," $2,523.38"
Townhouse,$326/month,2022,Naper Commons,,"$446,711","$3,030", 2, Wheaton Warrenville South H S,1257 Josiah RD 60563,3.0,2.5,"2,100", Natural Gas, Central Air, 2, 1, 0, 0, Full, Unfinished,,
Single Family Residential,$79/month,2006,Washington Woods,,"$1,395,000","$8,967", 3, Naperville Central High School,12 Baker Ln 60565,5.0,5.5,"4,929"," Natural Gas, Forced Air, Zoned"," Central Air, Zoned", 4, 3, 11, 3," Full, Walkout"," Finished,Exterior Access",," $23,318"
Townhouse,$326/month,2022,Naper Commons,,"$446,411","$3,028", 2, Wheaton Warrenville South H S,1261 Josiah RD 60563,3.0,2.5,"2,100", Natural Gas, Central Air, 2, 1, 0, 0, Full, Unfinished,,
Single Family Residential,$56/month,2021,Wagner Farms,,"$606,297","$3,726", 2, Neuqua Valley High School,2983 Lancelot Ln 60564,5.0,3,"2,995", Natural Gas, Central Air, 3,, 5, 6, Full," Unfinished,Bathroom Rough-In",,
Condo,$449/month,1979,Naperville,,"$141,900","$1,314", 2,,1041 W Ogden Ave 60563,2.0,2,"1,050", Baseboard,, 2,, 0, 0,, None,," $1,901"
Single Family Residential,,1984,Old Farm,,"$279,000","$1,765", 1, Naperville Central High School,2302 Wayland Ln 60565,2.0,2,991," Natural Gas, Forced Air", Central Air, 2,, 3, 0,, Slab,," $4,507.44"
Single Family Residential,$90/month,2022,Naper Commons,,"$690,088","$3,678", 2, Wheaton Warrenville South H S,1220 SNAPPER RD 60563,4.0,2.5,"2,985", Natural Gas, Central Air, 2, 1, 0, 0, Full," Unfinished,Bathroom Rough-In",,
Single Family Residential,,1987,Naperville,,"$479,000","$3,243", 3, Neuqua Valley High School,9638 Book Rd 60564,4.0,2,"3,450", Natural Gas, Central Air, 2,, 0, 8, Partial," Unfinished,Crawl",," $10,297.02"
Townhouse,$326/month,2022,Naper Commons,,"$512,104","$3,426", 2, Wheaton Warrenville South H S,1259 Josiah RD 60563,3.0,2.5,"2,474", Natural Gas, Central Air, 2, 1, 0, 0, Full, Unfinished,,
Townhouse,,1988,Naperville,,"$425,000","$2,714", 2, Naperville North High School,626 Windham Ln 60563,3.0,3.5,"1,941", Electric, Central Air, 3, 1, 0, 0, Full, Finished,," $7,178.92"
Townhouse,$336/month,2022,Naper Commons,,"$460,464","$3,123", 2,,1245 Josiah RD 60563,3.0,2.5,"2,100", Natural Gas, Central Air, 2, 1, 0, 0, Full, Unfinished,,
Single Family Residential,$90/month,2022,Naper Commons,,"$708,124","$3,768", 2, Wheaton Warrenville South H S,2323 LUCENT LN 60563,5.0,3,"3,160", Natural Gas, Central Air, 3,, 0, 0, Full," Unfinished,Bathroom Rough-In",,
Single Family Residential,,1979,Naperville,,"$620,000","$3,964", 2, Naperville North High School,1337 Pamela Ct 60540,5.0,3.5,"2,564", Natural Gas, Central Air, 3, 1, 7, 0, Full, Finished," 1,170"," $10,527.22"
Single Family Residential,$74/month,2002,Bonnema Woods,,"$1,500,000","$10,016", 3, Naperville Central High School,1219 Bonnema Ct 60565,6.0,6.5,"6,643"," Natural Gas, Forced Air, Radiant"," Central Air, Zoned", 6, 1, 10, 6," Full, Walkout"," Finished,Exterior Access",," $29,697.64"
Townhouse,$421/month,2012,Carillon Club,,"$410,000","$3,045", 2,,2626 Camberley Cir 60564,2.0,2,"1,600", Natural Gas, Central Air, 2,, 2, 4, Full, Unfinished,," $6,993.46"
Single Family Residential,$53/month,1977,Hobson West,,"$629,900","$4,095", 2, Naperville Central High School,615 Bunker Hill Ct 60540,4.0,2.5,"2,642", Natural Gas, Central Air, 2, 1, 4, 7, Partial," Partially Finished,Crawl"," 1,040"," $10,878"
Townhouse,$336/month,2022,Naper Commons,,"$540,332","$3,607", 2, Wheaton Warrenville South H S,1249 Josiah RD 60563,2.0,2,"2,697", Natural Gas, Central Air, 2,, 0, 0, Full, Unfinished,,
Single Family Residential,$90/month,2022,Naper Commons,,"$647,622","$3,467", 2, Wheaton Warrenville South H S,1260 SNAPPER RD 60563,4.0,2.5,"3,100", Natural Gas, Central Air, 2, 1, 0, 0, Full," Unfinished,Bathroom Rough-In,9 ft + pour",,
Townhouse,$255/month,1976,Country Lakes,,"$275,000","$1,991", 1, Metea Valley High School,30W331 Pinehurst Dr 60563,3.0,2.5,"1,500"," Natural Gas, Forced Air", Central Air, 2, 1, 2, 0, Full, Finished,," $4,409.86"
Single Family Residential,$90/month,2022,Naper Commons,,"$676,361","$3,610", 2, Wheaton Warrenville South H S,1248 SNAPPER RD 60563,4.0,2.5,"3,100", Natural Gas, Central Air, 2, 1, 0, 0, Full," Unfinished,Bathroom Rough-In,9 ft + pour",,
Single Family Residential,$50/month,2022,Naperville,,"$639,000","$4,410", 1,,3687 Ambrosia Dr 60564,3.0,2.5,"2,747"," Natural Gas, Electric", Central Air, 2, 1, 0, 0, Full, Unfinished,," $14,151"
Single Family Residential,,2019,Naperville,,"$2,500,000","$15,057", 4, Naperville North High School,605 W Jefferson Ave 60540,5.0,4.5,"4,617"," Natural Gas, Forced Air", Central Air, 4, 1, 4, 6, Full, Finished," 2,188"," $31,338"
Single Family Residential,,1971,Pembroke Greens,,"$580,000","$3,683", 2, Naperville North High School,1223 Elizabeth Ave 60540,4.0,3,"2,509"," Natural Gas, Forced Air", Central Air, 2, 2, 3, 4, Full," Finished,Storage Space",," $9,553"
Single Family Residential,,2004,East Highlands,,"$1,350,000","$8,316", 4, Naperville Central High School,649 Wehrli Dr 60540,4.0,3.5,"3,400"," Natural Gas, Electric", Central Air, 3, 1, 0, 10," Full, English", Finished,," $19,140.10"
Single Family Residential,,1988,The Fields,,"$475,000","$3,093", 2, Metea Valley High School,1249 Ardmore Dr 60540,3.0,2.5,"2,159"," Natural Gas, Forced Air", Central Air, 2, 1, 5, 3, Partial, Finished,," $8,736.90"
Single Family Residential,$54/month,2004,Ashbury,,"$999,999","$6,699", 3, Neuqua Valley High School,3132 Landore Dr 60564,5.0,5,"4,360"," Natural Gas, Forced Air", Central Air, 5,, 11, 3, Full, Finished,," $19,996"
Single Family Residential,$71/month,1994,Breckenridge Estates,,"$739,000","$4,922", 3, Neuqua Valley High School,2608 Winter Park Dr 60565,6.0,4,"3,622"," Natural Gas, Forced Air", Central Air, 4,, 9, 5, Full," Finished,Egress Window",," $14,067.42"
Single Family Residential,,1913,Naperville,,"$850,000","$5,365", 6, Naperville North High School,21 S Columbia St 60540,4.0,2.5,"3,000", Natural Gas, Central Air, 2, 1, 1, 9, Partial, Partially Finished, 980," $13,603.20"
Townhouse,$320/month,1997,Naperville,,"$459,000","$3,109", 2.5, Waubonsie Valley High School,842 Havenshire Rd 60565,4.0,4,"2,900"," Natural Gas, Electric", Central Air, 4,, 0, 0, Full, Finished,," $6,046.78"
Condo,$240/month,1985,Chantecleer Lakes,,"$150,000","$1,197", 1, Metea Valley High School,1577 Raymond Dr 60563,1.0,1,675, Natural Gas, Central Air, 1,, 3, 0,, None,," $2,523.38"
Townhouse,$326/month,2022,Naper Commons,,"$446,711","$3,030", 2, Wheaton Warrenville South H S,1257 Josiah RD 60563,3.0,2.5,"2,100", Natural Gas, Central Air, 2, 1, 0, 0, Full, Unfinished,,
Single Family Residential,$79/month,2006,Washington Woods,,"$1,395,000","$8,967", 3, Naperville Central High School,12 Baker Ln 60565,5.0,5.5,"4,929"," Natural Gas, Forced Air, Zoned"," Central Air, Zoned", 4, 3, 11, 3," Full, Walkout"," Finished,Exterior Access",," $23,318"
Townhouse,$326/month,2022,Naper Commons,,"$446,411","$3,028", 2, Wheaton Warrenville South H S,1261 Josiah RD 60563,3.0,2.5,"2,100", Natural Gas, Central Air, 2, 1, 0, 0, Full, Unfinished,,
Single Family Residential,$56/month,2021,Wagner Farms,,"$606,297","$3,726", 2, Neuqua Valley High School,2983 Lancelot Ln 60564,5.0,3,"2,995", Natural Gas, Central Air, 3,, 5, 6, Full," Unfinished,Bathroom Rough-In",,
Condo,$449/month,1979,Naperville,,"$141,900","$1,314", 2,,1041 W Ogden Ave 60563,2.0,2,"1,050", Baseboard,, 2,, 0, 0,, None,," $1,901"
Single Family Residential,,1984,Old Farm,,"$279,000","$1,765", 1, Naperville Central High School,2302 Wayland Ln 60565,2.0,2,991," Natural Gas, Forced Air", Central Air, 2,, 3, 0,, Slab,," $4,507.44"
Single Family Residential,,1993,Naperville,,"$679,000","$4,350", 3, Neuqua Valley High School,516 Rock Spring Ct 60565,4.0,3.5,"3,000", Natural Gas, Central Air, 3, 1, 8, 3," Full, English"," Finished,Unfinished"," 1,116"," $11,631.44"
Single Family Residential,$122/month,2017,Ashwood Park,,"$999,900","$6,634", 3, Waubonsie Valley High School,4247 Chinaberry Ln 60564,4.0,3.5,"4,400"," Natural Gas, Forced Air", Central Air, 3, 1, 7, 2, Full," Unfinished,Bathroom Rough-In",," $18,412.90"
Single Family Residential,,1989,Naperville,,"$529,900","$3,450", 2, Naperville Central High School,20 Redstart Rd 60565,4.0,2.5,"2,850"," Natural Gas, Forced Air", Central Air, 2, 1, 8, 6, Partial," Unfinished,Crawl,Storage Space"," 1,208"," $9,748"
Single Family Residential,,1976,Old Farm,,"$469,900","$2,960", 2, Naperville Central High School,2010 Walton Ct 60565,4.0,2.5,"2,164"," Natural Gas, Forced Air", Central Air, 2, 1, 0, 9, Full, Finished,," $7,444.54"
Condo,$265/month,1992,Naperville,,"$195,000","$1,431", 2,,48 Harbor Ct 60565,2.0,2,"1,144", Natural Gas, Central Air, 2,, 4, 0,, None,," $2,341.32"
Townhouse,$450/month,2003,Naperville Station,,"$699,900","$4,962", 2, Naperville North High School,109 Spring Ave 60540,3.0,3,"2,742"," Natural Gas, Forced Air"," Central Air, Zoned", 2, 2, 4, 5, Full, Finished, 603," $12,332"
Townhouse,$305/month,1998,Riverbrook,,"$230,000","$1,808", 1, Metea Valley High School,1312 Woodchuck Ln 60563,2.0,1.5,"1,406", Natural Gas, Central Air, 1, 1, 3, 0,, Slab,," $4,301.64"
Condo,$356/month,2000,Riverbrook West,,"$295,000","$2,260", 2, Metea Valley High School,1710 Windward Ave 60563,3.0,2.5,"1,540"," Natural Gas, Forced Air", Central Air, 2, 1, 5, 0, Full, Finished,," $5,219.98"
Single Family Residential,$25/month,2001,Penncross Knoll,,"$780,000","$5,008", 3, Waubonsie Valley High School,3243 Lapp Ln 60564,6.0,3.5,"3,797", Natural Gas, Central Air, 3, 1, 6, 5," Full, English", Finished,," $13,202.80"
Townhouse,$288/month,1998,Carrolwood,,"$229,900","$1,746", 1, Metea Valley High School,726 Blossom Ct 60540,2.0,1.5,"1,216"," Natural Gas, Forced Air", Central Air, 1, 1, 2, 0,, None,," $3,763.42"
Single Family Residential,,1976,Andermann Acres,,"$399,000","$2,546", 2, Neuqua Valley High School,10351 S Brenner Ct 60564,3.0,2,"1,817"," Natural Gas, Forced Air", Central Air, 2,, 5, 3, English, Finished,," $6,717.12"
Townhouse,$117/month,1974,Naperville,,"$387,500","$2,554", 2, Naperville North High School,1549 Wedgefield Cir 60563,3.0,3.5,"1,884"," Natural Gas, Forced Air", Central Air, 3, 1, 0, 3, Full, Finished,," $6,099.20"
Single Family Residential,$160/month,2019,Naperville,,"$749,900","$5,022", 2,,3323 Empress Dr 60564,3.0,3.5,"3,575"," Natural Gas, Forced Air", Central Air, 3, 1, 0, 0, Full," Unfinished,Lookout",," $13,540.28"
Single Family Residential,,1971,Indian Hill,,"$475,000","$2,975", 2, Naperville North High School,1533 Shenandoah Ln 60563,3.0,2,"1,651"," Natural Gas, Forced Air", Central Air, 2,, 0, 5,, None,," $7,321.20"
Single Family Residential,,1994,Bolingbrook,,"$440,000","$2,931", 2, Naperville Central High School,901 Wescott Rd 60440,3.0,2.5,"2,192", Natural Gas, Central Air, 2, 1, 8, 0, Full," Partially Finished,Crawl"," 1,033"," $8,884.78"
Townhouse,$275/month,2012,Mayfair,,"$390,000","$2,800", 2, Metea Valley High School,2535 Dunraven Ave 60540,3.0,2.5,"1,920"," Natural Gas, Forced Air", Central Air, 2, 1, 3, 0,, None,," $7,000"
Townhouse,$283/month,1988,Villas of the Fields,,"$255,000","$1,889", 1, Metea Valley High School,1308 Tennyson Ln 60540,2.0,2.5,"1,274"," Natural Gas, Forced Air", Central Air, 2, 1, 2, 0,, None,," $4,034.24"
Single Family Residential,,1994,West Wind,,"$649,000","$4,008", 3, Metea Valley High School,598 S Whispering Hills Dr 60540,4.0,3,"2,855", Natural Gas, Central Air, 3,, 0, 0, Full, Finished,," $9,324.32"
Single Family Residential,$11/month,1986,University Heights,,"$619,000","$4,024", 2, Naperville Central High School,1007 Shimer Ct 60565,5.0,3,"3,112", Natural Gas, Central Air, 3,, 8, 5, Partial," Unfinished,Crawl"," 1,184"," $11,174.93"
Single Family Residential,,1986,Royal Oaks,,"$729,900","$4,719", 2.5, Naperville North High School,1303 E Gartner Rd 60540,4.0,3.5,"3,854"," Natural Gas, Forced Air", Central Air, 3, 1, 4, 4, Full, Partially Finished," 1,287"," $13,025.50"
Townhouse,$227/month,1999,Windridge,,"$290,000","$2,054", 2, Neuqua Valley High School,2855 Gypsum Cir 60564,2.0,2.5,"1,306"," Natural Gas, Forced Air", Central Air, 2, 1, 3, 0,, None,," $4,600"
Single Family Residential,$4/month,1986,Winding Creek,,"$589,000","$3,782", 2.5, Naperville Central High School,402 W Bailey Rd 60565,4.0,2.5,"2,893"," Natural Gas, Forced Air", Central Air, 2, 1, 4, 0, Full, Unfinished,," $10,150.44"
Single Family Residential,,1987,Cedar Glen,,"$449,000","$2,905", 2, Neuqua Valley High School,548 Beaconsfield Ave 60565,3.0,2.5,"2,119"," Natural Gas, Forced Air", Central Air, 2, 1, 3, 2, Partial," Finished,Crawl", 400," $8,038"
Single Family Residential,,1996,Brookwood Trace,,"$650,000","$4,259", 3, Neuqua Valley High School,2416 Litchfield Ct 60565,4.0,2.5,"3,056"," Natural Gas, Forced Air", Central Air, 2, 1, 11, 3, Partial, Finished," 1,664"," $12,272.22"
Single Family Residential,,1984,Pepper Place,,"$350,000","$2,171", 2, Naperville Central High School,2319 Wayland Ln 60565,3.0,2,"1,150"," Natural Gas, Forced Air", Central Air, 2,, 5, 0, Full, Finished,," $5,149.42"
Single Family Residential,$13/month,1976,Hobson Village,,"$425,000","$2,906", 2,,1113 S Charles Ave 60540,3.0,2.5,"1,946", Natural Gas, Central Air, 2, 1, 3, 2, Full, Finished, 986," $9,324.36"
Single Family Residential,,1961,Moser Highlands,,"$474,900","$3,035", 2, Naperville Central High School,4 Butternut Dr 60540,4.0,3,"2,825", Natural Gas, Central Air, 3,, 7, 2, English," Partially Finished,Lookout,Rec/Family Area,Sleeping Area,Storage Space",," $8,046.90"
Townhouse,$275/month,2012,Mayfair,,"$375,000","$2,687", 2, Metea Valley High School,2526 Dunraven Ave 60540,3.0,2.5,"1,559", Natural Gas, Central Air, 2, 1, 3, 5," Full, English"," Finished,Exterior Access", 350," $6,545.24"
Single Family Residential,,1968,Maplebrook II,,"$459,900","$2,996", 2, Naperville Central High School,1556 Killdeer Dr 60565,5.0,2.5,"2,236", Natural Gas, Central Air, 2, 1, 2, 7, Full," Partially Finished,Rec/Family Area,Storage Space"," 1,300"," $8,473"
Single Family Residential,,1973,Maplebrook II,,"$469,900","$3,041", 2, Naperville Central High School,45 Drendel Ln 60565,4.0,2.5,"2,184"," Natural Gas, Forced Air", Central Air, 2, 1, 6, 5, Full," Finished,Crawl", 918," $8,418.84"
Single Family Residential,,2018,Naperville,,"$1,249,000","$6,256", 4, Neuqua Valley High School,3956 Caliente Cir 60564,6.0,5.5,"4,387", Natural Gas, Zoned, 5, 1, 9, 6, Full, Finished,, $463.88
Single Family Residential,,1979,Creekside,,"$699,000","$4,364", 2, Naperville North High School,829 Zaininger Ave 60563,4.0,2.5,"2,796"," Natural Gas, Forced Air", Central Air, 2, 1, 4, 2, Partial, Partially Finished, 668," $10,613.14"
Single Family Residential,,1981,Brookdale,,"$285,000","$1,985", 1, Metea Valley High School,1801 Paxton Dr 60563,3.0,1.5,"1,540"," Natural Gas, Forced Air", Central Air, 1, 1, 0, 0, Partial, Unfinished, 600," $6,790.64"
Single Family Residential,,1960,Burr Oaks,,"$600,000","$3,724", 2, Naperville Central High School,8S275 Indiana Ave 60540,4.0,4,"2,078"," Natural Gas, Forced Air", Central Air, 4,, 2, 6, Full," Finished,Crawl,Egress Window"," 1,244"," $8,844.88"
Condo,$649/month,1986,Riverplace,,"$279,000","$2,472", 2, Naperville Central High School,511 Aurora Ave 60540,1.0,1,"1,015"," Natural Gas, Forced Air, Radiant", Central Air, 1,, 0, 0,, None,," $5,211"
Condo,$309/month,1981,Highpoint,,"$224,900","$1,779", 1, Naperville North High School,2789 Weeping Willow Dr 60532,2.0,1.5,"1,248"," Natural Gas, Forced Air", Central Air, 1, 1, 3, 2, English," Partially Finished,Crawl",," $4,207.80"
Townhouse,$275/month,2011,Mayfair,,"$465,000","$3,385", 2, Metea Valley High School,2759 Blakely Ln 60540,3.0,2.5,"2,174"," Natural Gas, Forced Air", Central Air, 2, 1, 3, 4, Full, Unfinished,," $9,546.31"
Single Family Residential,,1966,Naperville,,"$629,000","$3,659", 2.5,,28W045 Hillview Dr 60564,4.0,3,"3,000", Natural Gas, Central Air, 3,, 0, 4, Full, Finished,," $6,335.14"
Condo,$221/month,2002,Windridge,,"$269,900","$1,917", 1, Neuqua Valley High School,2219 Waterleaf Ct 60564,2.0,2,"1,304"," Natural Gas, Forced Air", Central Air, 2,, 4, 0,, None,," $4,223.28"
Single Family Residential,,1988,White Eagle,,"$885,000","$5,926", 3, Waubonsie Valley High School,1490 White Eagle Dr 60564,5.0,4.5,"4,438", Natural Gas, Central Air, 4, 1, 9, 5, Full, Finished," 2,916"," $18,248.26"
Condo,$289/month,1990,Brookdale Manor,,"$269,000","$1,946", 1, Metea Valley High School,887 Quin Ct 60563,3.0,2,"1,422", Natural Gas, Central Air, 2,, 4, 2,, None,," $3,811.54"
Single Family Residential,,1969,Country View Estates,,"$400,000","$2,291", 2.5, Neuqua Valley High School,28W205 Plainview Dr 60564,3.0,2.5,"1,944"," Natural Gas, Forced Air", Central Air, 2, 1, 0, 6, Partial, Partially Finished,," $3,592.52"
Single Family Residential,,1985,Naperville,,"$539,000","$3,381", 2, Naperville Central High School,727 Muirhead Ct 60565,4.0,2.5,"2,200", Natural Gas, Central Air, 2, 1, 1, 6, Full, Partially Finished,," $8,368.20"
Single Family Residential,,1985,Cedar Glen,,"$449,900","$2,858", 2, Neuqua Valley High School,2253 Briarhill Dr 60565,4.0,2.5,"2,248", Natural Gas, Central Air, 2, 1, 8, 1, Full, Finished,," $7,416.66"
Townhouse,$168/month,1997,Kingspointe,,"$269,900","$1,883", 1, Metea Valley High School,968 Sheridan Cir 60563,2.0,2.5,"1,400", Electric, Central Air, 2, 1, 3, 2,, None,," $4,452.88"
Single Family Residential,,1994,Brookwood Trace,,"$699,000","$4,509", 3.5, Neuqua Valley High School,2307 Rock Ct 60565,5.0,3.5,"3,019"," Natural Gas, Forced Air", Central Air, 3, 1, 6, 5, Full, Finished,," $12,355"
Single Family Residential,,1993,Brookwood Trace,,"$629,000","$4,082", 2, Neuqua Valley High School,608 Connecticut Ave 60565,4.0,3.5,"2,821"," Natural Gas, Forced Air", Central Air, 3, 1, 2, 6, Full," Finished,Storage Space"," 1,312"," $11,410"
Single Family Residential,,1939,Naperville,,"$865,000","$5,262", 2.5, Naperville North High School,730 E Franklin Ave 60540,4.0,3.5,"2,760"," Natural Gas, Forced Air", Central Air, 3, 1, 0, 11, Full," Finished,Exterior Access"," 1,000"," $11,469.18"
Single Family Residential,$17/month,1998,High Meadow,,"$599,900","$3,883", 3, Neuqua Valley High School,5055 Prairie Sage Ln 60564,5.0,4,"3,012", Natural Gas, Central Air, 4,, 6, 0, Partial," Finished,Crawl",," $10,550.24"
Single Family Residential,,1978,Walnut Woods,,"$789,900","$4,969", 2.5, Naperville Central High School,2405 Lisson Rd 60565,4.0,3,"3,418"," Natural Gas, Forced Air, Zoned"," Central Air, Zoned", 3,, 5, 4," Full, Walkout", Finished," 1,421"," $12,439.32"
Single Family Residential,$20/month,1977,Naperville,,"$529,000","$3,336", 2, Naperville North High School,23W380 Chantilly Ct 60540,4.0,2.5,"2,400", Natural Gas, Central Air, 2, 1, 4, 6, Full, Finished,," $8,188.18"
Single Family Residential,,1978,Hobson Woods,,"$749,900","$4,738", 2, Naperville North High School,962 Honest Pleasure Dr 60540,5.0,2.5,"3,351", Forced Air, Central Air, 2, 1, 0, 11, Partial, Finished," 1,230"," $12,057.70"
Townhouse,$325/month,1990,The Fields,,"$399,900","$2,914", 2, Metea Valley High School,953 Heathrow Ln 60540,3.0,3.5,"1,629"," Natural Gas, Forced Air", Central Air, 3, 1, 4, 4, Full, Finished,," $7,177.64"
Single Family Residential,,1993,Brookwood Trace,,"$629,900","$4,076", 2, Neuqua Valley High School,2507 Nottingham Ln 60565,4.0,3,"2,829", Natural Gas, Central Air, 2, 2, 9, 1, Full, Finished,," $11,281.90"
Single Family Residential,,1985,Brook Crossing,,"$489,900","$3,147", 2, Neuqua Valley High School,1262 Hearthside Ct 60564,4.0,2.5,"2,270"," Natural Gas, Forced Air", Central Air, 2, 1, 7, 0, Full, Finished," 1,147"," $8,500.18"
Condo,$190/month,2002,Windridge,,"$240,000","$1,697", 2, Neuqua Valley High School,2811 Rutland Cir 60564,2.0,2,"1,101"," Natural Gas, Forced Air", Central Air, 2,, 5, 0,, None,," $3,748"
Condo,$381/month,1985,Chantecleer Lakes,,"$199,999","$1,625", 1, Waubonsie Valley High School,1336 McDowell Rd 60563,3.0,2,"1,155"," Natural Gas, Forced Air", Central Air, 2,, 1, 3,, None,," $2,979.12"
Townhouse,$250/month,2003,Tall Grass,,"$349,999","$2,596", 2, Waubonsie Valley High School,2957 Saganashkee Ln 60564,3.0,2.5,"1,962"," Natural Gas, Forced Air", Central Air, 2, 1, 4, 3, Full, Unfinished,," $7,246.38"
Townhouse,$458/month,2018,Naperville,,"$1,990,000","$12,780", 2, Naperville Central High School,130 Aurora Ave 60540,3.0,4,"4,105", Natural Gas, Central Air, 3, 2, 0, 11, Full, Unfinished,," $28,978.18"
Single Family Residential,$29/month,1999,Heatherstone,,"$499,000","$3,276", 2, Waubonsie Valley High School,3408 Interlochen Ln 60564,4.0,3,"2,183"," Natural Gas, Forced Air", Central Air, 2, 2, 6, 4, Full, Finished," 1,076"," $9,152.06"
Single Family Residential,$54/month,1996,Ashbury,,"$635,000","$4,194", 3, Neuqua Valley High School,3836 Mandeville Ln 60564,5.0,3.5,"2,983"," Natural Gas, Forced Air", Central Air, 3, 1, 7, 1, Full, Finished," 1,092"," $11,750.36"
Single Family Residential,$54/month,1992,Ashbury,,"$700,000","$4,515", 2, Neuqua Valley High School,3644 Eliot Ln 60564,4.0,3.5,"2,833", Natural Gas, Central Air, 3, 1, 9, 5, Partial," Finished,Crawl,Rec/Family Area,Storage Space"," 1,190"," $11,714.52"
Condo,$246/month,1984,Old Sawmill,,"$195,000","$1,479", 1,,2049 Lancaster Cir 60565,2.0,2,"1,081"," Natural Gas, Forced Air", Central Air, 2,, 5, 0,, Slab,," $3,152.68"
Single Family Residential,,1987,Country Lakes,,"$419,900","$2,620", 2, Metea Valley High School,2080 Maplewood Cir 60563,5.0,3,"2,576"," Natural Gas, Forced Air", Central Air, 3,, 7, 1," Full, English", Finished,," $6,355"
Condo,$450/month,2005,Naperville,,"$369,900","$2,842", 2, Naperville North High School,104 E 11th Ave 60563,2.0,2,"1,657"," Natural Gas, Forced Air", Central Air, 2,, 1, 1,, None,," $6,610.32"
Condo,$359/month,1982,The Mansions,,"$375,000","$2,571", 2, Naperville North High School,1133 Spring Garden Cir 60563,3.0,2,"1,805", Natural Gas, Central Air, 2,, 3, 0,, None,," $4,136.08"
Single Family Residential,,1985,Naperville,,"$650,000","$4,192", 4.5, Metea Valley High School,1154 Palmetto Ct 60540,5.0,2.5,"2,989", Natural Gas, Central Air, 2, 1, 1, 10, Partial, Partially Finished,," $11,469.56"
Single Family Residential,,1978,Naperville,,"$399,000","$2,498", 2,,5 Redstart Rd 60565,4.0,2,," Natural Gas, Forced Air", Central Air, 2,, 0, 0,, None,," $6,145"
Townhouse,$225/month,1994,Estes Park,,"$259,000","$1,883", 1, Metea Valley High School,1215 Denver Ct 60540,2.0,2.5,"1,500"," Natural Gas, Forced Air", Central Air, 2, 1, 3, 0,, Slab,," $4,426.74"
Single Family Residential,$58/month,1990,Naperville,,"$679,000","$4,581", 2, Neuqua Valley High School,2716 Cheyenne Dr 60565,5.0,3.5,"3,753"," Natural Gas, Zoned", Central Air, 3, 1, 11, 2, Partial, Partially Finished,," $13,717.82"
Single Family Residential,,1979,Naperville,,"$425,000","$2,658", 2,,1772 Brookdale Rd 60563,3.0,2.5,"1,564", Other, Central Air, 2, 1, 0, 0, Full, Finished,," $6,505.38"
Single Family Residential,,1984,Fontenaix,,"$474,900","$3,054", 2.5, Naperville North High School,953 Greensboro Ct 60540,4.0,3,"3,040"," Natural Gas, Forced Air, Zoned"," Central Air, Zoned", 3,, 2, 0, Full," Finished,Sub-Basement"," 1,284"," $8,283.18"
Single Family Residential,,1975,Naper Carriage Hill,,"$575,000","$3,671", 2, Naperville Central High School,1937 Coach Dr 60565,5.0,2.5,"2,524"," Natural Gas, Forced Air", Central Air, 2, 1, 6, 5, Full, Finished,," $9,706"
Single Family Residential,$87/month,1988,White Eagle,,"$525,000","$3,733", 3, Waubonsie Valley High School,3822 White Eagle Dr 60564,5.0,3.5,"4,158", Natural Gas, Central Air, 3, 1, 4, 5, Full, Finished," 2,103"," $12,387.10"
Single Family Residential,,1959,Naperville,,"$276,000","$1,613", 1, Naperville North High School,104 W 11th Ave 60563,3.0,1,"1,056"," Natural Gas, Baseboard", Central Air, 1,, 1, 3, Full, Unfinished,," $2,865.78"
Single Family Residential,$87/month,1990,White Eagle,,"$769,000","$4,966", 3, Waubonsie Valley High School,1400 Isleworth Ct 60564,4.0,3,"3,839"," Natural Gas, Forced Air", Central Air, 3,, 6, 8, Partial, Finished,," $12,609.26"
Single Family Residential,$17/month,1994,High Meadow,,"$624,900","$3,877", 2, Neuqua Valley High School,5024 Coneflower Dr 60564,5.0,3.5,"2,200", Natural Gas, Central Air, 3, 1, 0, 3, Full, Finished,," $8,987.22"
Single Family Residential,$52/month,1978,Steeple Run,,"$380,000","$2,475", 2, Naperville North High School,24W501 Surf Ct 60540,3.0,2,"1,495"," Natural Gas, Forced Air", Central Air, 2,, 3, 3,, Slab,," $6,373.34"
Single Family Residential,,1978,Naperville,,"$589,900","$3,680", 2, Naperville North High School,1222 Whitingham Cir 60540,3.0,2,"2,089"," Natural Gas, Forced Air", Central Air, 2,, 0, 7, Full, Unfinished,," $8,923.18"
Single Family Residential,,1985,Naperville,,"$364,900","$2,329", 2, Naperville North High School,1260 Brookline Ct 60563,4.0,2.5,"1,729"," Natural Gas, Forced Air", Central Air, 2, 1, 7, 0,, Slab,," $6,150"
Condo,$240/month,1985,Naperville,"$150,000","$150,000","$1,197", 2, Metea Valley High School,1312 McDowell Rd 60563,1.0,1,675," Natural Gas, Forced Air", Central Air, 1,, 0, 0,, None,," $2,523.38"
Single Family Residential,,1963,Naperville,"$349,900","$349,900","$2,280", 1, Naperville Central High School,25 W 75th St 60564,5.0,2,"2,798"," Natural Gas, Forced Air",, 2,, 1, 5, Walkout," Finished,Exterior Access",," $6,455"
Single Family Residential,$25/month,1996,River Run,"$715,000","$715,000","$4,804", 3, Neuqua Valley High School,4108 Falkner Dr 60564,4.0,4.5,"3,535"," Natural Gas, Forced Air", Central Air, 4, 1, 12, 2," Full, English"," Finished,Crawl",," $14,631"
Single Family Residential,,1986,Fontenaix,"$1,099,000","$1,099,000","$6,288", 3.5, Naperville North High School,1030 Colonial Ct 60540,3.0,2.5,"2,546", Natural Gas, Central Air, 2, 1, 3, 6, Partial, Partially Finished,," $9,807.32"
Townhouse,$226/month,2020,Warrenville,"$460,000","$460,000","$3,274", 4, Wheaton Warrenville South H S,3S510 Barkley Ave 60563,3.0,2.5,"1,914"," Natural Gas, Electric, Forced Air", Central Air, 2, 1, 3, 3, Full," Unfinished,Other,Bathroom Rough-In",," $9,091.68"
Multi-Family (2-4 Unit),,1882,Naperville,"$785,000","$785,000","$4,980", 6, Naperville North High School,206 N Ellsworth St 60540,5.0,3.5,, Natural Gas,, 3, 1, 0, 0, Full," Unfinished,Exterior Access",," $12,868"
Single Family Residential,,1988,,,"$570,163",,,,921 Eddystone Cir 60565,4.0,2.5,"3,262",,,,, 0, 0,,,,
Townhouse,$250/month,1999,Signature Club,,"$312,000","$2,334", 2, Waubonsie Valley High School,3307 Cool Springs Ct 60564,3.0,2.5,"2,012", Natural Gas, Central Air, 2, 1, 3, 0,, None,," $6,374.70"
Single Family Residential,$122/month,2006,Naperville,,"$1,110,000","$7,104", 3, Waubonsie Valley High School,4731 Sassafras Ln 60564,4.0,5,"4,334", Natural Gas, Central Air, 5,, 4, 6," Full, Walkout"," Finished,Exterior Access,Egress Window",," $17,475.66"
Townhouse,$309/month,1997,Carrolwood,,"$240,000","$1,836", 2, Indian Plains Alternative H S,2510 Carrolwood Rd 60540,2.0,2.5,"1,324", Natural Gas, Central Air, 2, 1, 0, 2,, Slab,," $3,992.32"
Condo,$190/month,2003,Windridge,,"$230,000","$1,644", 1, Neuqua Valley High School,2806 Vernal Ln 60564,2.0,1.5,"1,138"," Natural Gas, Forced Air", Central Air, 1, 1, 2, 0,, None,," $3,707.24"
Single Family Residential,,1959,West Highlands,,"$525,000","$3,232", 2.5, Naperville Central High School,344 Hemlock Ln 60540,4.0,3,"2,391"," Natural Gas, Forced Air", Central Air, 3,, 2, 5,, Crawl,," $7,422.40"
Townhouse,$325/month,1989,The Fields,,"$380,000","$2,782", 2, Metea Valley High School,903 Heathrow Ln 60540,3.0,2.5,"1,630"," Natural Gas, Forced Air", Central Air, 2, 1, 5, 1, Full, Finished, 953," $6,778.96"
Single Family Residential,,1969,Will-O-Way,,"$425,000","$2,753", 2, Naperville Central High School,1216 Evergreen Ave 60540,3.0,2.5,"1,892"," Natural Gas, Forced Air", Central Air, 2, 1, 1, 5, Partial, Unfinished,," $7,650.28"
Condo,$310/month,1986,Creekside,,"$253,900","$1,864", 1, Naperville North High School,628 Dana Ct 60563,2.0,2,"1,180"," Natural Gas, Forced Air", Central Air, 2,, 4, 0,, None,," $3,480"
Single Family Residential,,1994,White Eagle,,"$859,000","$5,974", 3, Waubonsie Valley High School,4211 Legend Ct 60564,5.0,4,"5,184", Natural Gas, Central Air, 3, 2, 8, 6, Full," Partially Finished,Crawl",," $20,376"
Single Family Residential,,1989,The Fields,,"$500,000","$3,284", 2, Metea Valley High School,1222 Ardmore Dr 60540,4.0,2.5,"2,541", Natural Gas, Central Air, 2, 1, 8, 0, Partial, Finished,," $9,541.54"
Condo,$203/month,2002,Windridge,,"$240,000","$1,756", 2, Neuqua Valley High School,2956 Rutland Cir 60564,3.0,2.5,"1,270", Natural Gas, Central Air, 2, 1, 5, 0,, Slab,," $4,298.20"
Single Family Residential,,1985,Pembroke Commons,,"$720,000","$4,680", 3, Naperville North High School,941 Byron Ct 60540,5.0,3.5,"3,416"," Natural Gas, Forced Air", Central Air, 3, 1, 10, 1," Full, English"," Finished,Lookout,Storage Space",," $13,142.98"
Single Family Residential,$13/month,1987,Heritage Knolls,,"$685,000","$4,376", 2, Naperville Central High School,304 Arlington Ave 60565,4.0,2.5,"2,952", Natural Gas, Central Air, 2, 1, 0, 9, Full, Unfinished,," $11,429"
Single Family Residential,,1985,Farmington,,"$610,000","$3,952", 2, Naperville Central High School,2441 Remington Dr 60565,4.0,2.5,"2,836"," Natural Gas, Forced Air", Central Air, 2, 1, 10, 3, Full," Finished,Unfinished,Crawl,Concrete (Basement),Rec/Family Area,Storage Space", 976," $10,988"
Single Family Residential,,1977,Naperville,,"$485,000","$2,916", 2.5, Neuqua Valley High School,11S528 Book Rd 60564,3.0,3,"2,297", Natural Gas, Central Air, 3,, 0, 0,, Crawl,," $6,020.20"
Single Family Residential,,1967,Maplebrook II,,"$425,000","$2,729", 2, Naperville Central High School,29 Swift Ln 60565,4.0,2,"1,824"," Natural Gas, Forced Air", Central Air, 2,, 2, 4, Partial," Unfinished,Crawl",," $7,360.16"
Single Family Residential,,1986,Hobson Greene,,"$817,000","$5,353", 3, Naperville Central High School,23W241 Oxer Ct 60540,4.0,3.5,"4,228"," Natural Gas, Forced Air, Zoned"," Central Air, Zoned", 3, 1, 10, 3, Full," Finished,Storage Space"," 1,678"," $15,429.74"
Townhouse,$352/month,1989,The Fields,,"$275,000","$2,141", 1, Metea Valley High School,1206 Rhodes Ln 60540,2.0,2.5,"1,582"," Natural Gas, Forced Air", Central Air, 2, 1, 3, 0,, None,," $5,036.44"
Single Family Residential,$75/month,2018,Atwater,,"$630,000","$4,188", 2, Metea Valley High School,1428 Bayou Path Dr 60563,4.0,2.5,"3,017", Natural Gas, Central Air, 2, 1, 7, 5, Full, Unfinished," 1,469"," $11,717.78"
Condo,$282/month,1987,Winchester Place,,"$195,000","$1,511", 1, Naperville Central High School,210 Hampshire Ct 60565,2.0,1,"1,216"," Natural Gas, Forced Air", Central Air, 1,, 0, 0,, None,," $3,098.50"
Single Family Residential,$25/month,1995,River Run,,"$799,900","$5,258", 3, Neuqua Valley High School,4104 Emporia Ct 60564,5.0,3,"3,755", Natural Gas, Central Air, 3,, 9, 5, Full," Unfinished,Bathroom Rough-In,Egress Window,8 ft + pour,Concrete (Basement),Storage Space"," 1,972"," $15,014"
Townhouse,$356/month,2001,Riverbrook West,,"$295,000","$2,255", 2, Metea Valley High School,1714 Windward Ave 60563,3.0,2.5,"1,538"," Natural Gas, Forced Air", Central Air, 2, 1, 3, 3, Full, Finished,," $5,169.80"
Townhouse,$203/month,2002,Naperville,,"$249,000","$1,794", 2, Neuqua Valley High School,2336 Sheehan Dr 60564,2.0,1.5,"1,270", Natural Gas, Central Air, 1, 1, 4, 0,, None,," $4,212.16"
Townhouse,$421/month,2009,Carillon Club,,"$449,900","$3,290", 2,,2944 Normandy Cir 60564,3.0,3,"1,860"," Natural Gas, Forced Air", Central Air, 3,, 3, 4, Full, Partially Finished," 1,860"," $7,557.84"
Condo,$311/month,1985,Chantecleer Lakes,,"$174,800","$1,420", 1, Metea Valley High School,1356 McDowell Rd 60563,2.0,1,838," Natural Gas, Forced Air", Central Air, 1,, 0, 0,, None,," $2,861.58"
Single Family Residential,$17/month,1996,High Meadow,,"$575,000","$3,779", 2, Neuqua Valley High School,2524 High Meadow Rd 60564,4.0,4,"2,700"," Natural Gas, Forced Air", Central Air, 4,, 1, 0," Full, English", Finished,," $10,796.60"
Single Family Residential,$4/month,1986,Winding Creek,,"$710,000","$4,510", 2, Naperville Central High School,412 Flock Ave 60565,4.0,4,"3,489"," Natural Gas, Forced Air", Central Air, 4,, 3, 10, Full," Finished,Crawl",," $11,659.14"
Townhouse,$207/month,2000,Bridgewater,,"$309,900","$2,200", 2, Metea Valley High School,608 Esla Ct 60563,2.0,2.5,"1,552"," Natural Gas, Forced Air", Central Air, 2, 1, 7, 1, Full, Finished, 672," $5,404.88"
Townhouse,$55/month,1985,Waterfront Estates,,"$275,000","$1,747", 1, Naperville Central High School,140 Pier Ct 60565,3.0,1.5,"1,314"," Natural Gas, Forced Air", Central Air, 1, 1, 0, 1,, Slab,," $3,870.60"
Single Family Residential,,1995,Wildflower,,"$475,000","$2,982", 2, Metea Valley High School,823 Violet Cir 60540,3.0,2.5,"1,739"," Natural Gas, Forced Air", Central Air, 2, 1, 0, 0, Partial, Partially Finished,," $7,405.16"
Condo,$369/month,1989,Naperville,,"$189,500","$1,580", 2, Naperville North High School,451 Valley Dr 60563,2.0,2,"1,198", Natural Gas, Central Air, 2,, 1, 0,, None,," $3,208"
Single Family Residential,$53/month,1974,Naperville,,"$499,900","$3,227", 2, Naperville North High School,6S160 Carlyle Ct 60540,4.0,2.5,"2,031"," Natural Gas, Forced Air", Central Air, 2, 1, 3, 0, Partial," Unfinished,Crawl",," $8,219.32"
Single Family Residential,$122/month,2005,Ashwood Park,,"$859,000","$5,910", 3, Waubonsie Valley High School,4623 Sassafras Ln 60564,5.0,5.5,"4,450"," Natural Gas, Forced Air, Zoned"," Central Air, Zoned", 5, 1, 8, 3, Full," Unfinished,Bathroom Rough-In",," $18,140.02"
Single Family Residential,,1967,Maplebrook II,"$399,800","$399,800","$2,520", 2, Naperville Central High School,17 Bunting Ln 60565,3.0,2.5,"2,328"," Natural Gas, Forced Air", Central Air, 2, 1, 3, 3,, Crawl,," $6,353.40"
Single Family Residential,,1977,Naperville,"$539,000","$539,000","$3,438", 2, Naperville North High School,1654 Apache Dr 60563,4.0,2.5,"2,700"," Natural Gas, Forced Air", Central Air, 2, 1, 6, 4,, None,," $9,061.44"
Single Family Residential,$53/month,1982,Hobson West,"$695,000","$695,000","$4,636", 2, Naperville Central High School,875 Okolona Ct 60540,4.0,3,"3,593", Natural Gas, Central Air, 3,, 6, 6, Full, Finished," 1,777"," $13,480.56"
Single Family Residential,,1978,Will-O-Way,"$397,900","$397,900","$2,505", 2, Naperville Central High School,1453 Briarwood Dr 60540,3.0,1.5,"1,901"," Natural Gas, Forced Air", Central Air, 1, 1, 0, 0, Partial, Partially Finished,," $6,292.16"
Single Family Residential,,1999,Naperville,"$746,778","$746,778","$4,476", 3, Neuqua Valley High School,27W490 Mayfield Ct 60565,5.0,3,"3,506", Natural Gas, Central Air, 3,, 6, 3, Full, Unfinished," 1,800"," $9,102.02"
Single Family Residential,,1972,Naperville,"$599,000","$599,000","$3,611", 2, Neuqua Valley High School,24459 Davids Ct 60564,4.0,2.5,"3,059"," Natural Gas, Forced Air", Central Air, 2, 1, 4, 4, Partial, Unfinished, 725," $7,549.36"
Single Family Residential,$54/month,1973,Steeple Run,"$385,000","$385,000","$2,538", 2.1, Naperville North High School,6S631 Avon Ct 60540,3.0,2,"1,800"," Natural Gas, Electric, Solar", Central Air, 2,, 5, 1, Partial, Crawl,," $6,807.14"
Single Family Residential,$46/month,1978,Cress Creek,"$749,900","$749,900","$4,843", 2, Naperville North High School,1134 Kings Point Ct 60563,4.0,2.5,"3,227"," Natural Gas, Forced Air", Central Air, 2, 1, 5, 9, Partial, Finished, 869," $12,764.90"
Single Family Residential,,1980,Hobson Woods,"$899,000","$899,000","$5,360", 2, Naperville North High School,791 E Gartner Rd 60540,4.0,2.5,"3,159"," Natural Gas, Forced Air, Indv Controls, Zoned"," Central Air, Zoned", 2, 1, 3, 8, Partial, Partially Finished, 938," $10,613.96"
Condo,$310/month,2000,Enclave at Country Lakes,"$244,900","$244,900","$1,879", 3,,911 Genesee Dr 60563,2.0,2.5,"1,412", Natural Gas, Central Air, 2, 1, 2, 0,, None,," $4,196"
Single Family Residential,,1982,Naperville,"$900,000","$900,000","$5,764", 2.5, Naperville North High School,7S500 Oak Trails Dr 60540,4.0,2.5,"5,118", Natural Gas, Central Air, 2, 1, 5, 1, Full, Unfinished,," $15,407"
Single Family Residential,,1998,West Wind Estates,"$650,000","$650,000","$4,140", 2, Metea Valley High School,1719 Chadwicke Cir 60540,4.0,2.5,"2,637"," Natural Gas, Forced Air", Central Air, 2, 1, 1, 10, Full, Finished,," $10,849.04"
Single Family Residential,,2002,East Highlands,"$1,020,000","$1,020,000","$6,802", 2.5, Naperville North High School,1076 Prairie Ave 60540,4.0,3.5,"3,653", Natural Gas, Central Air, 3, 1, 4, 4, Full, Unfinished," 2,206"," $20,684.12"
Single Family Residential,$4/month,1966,Maplebrook I,"$390,000","$390,000","$2,461", 2, Naperville Central High School,4 Tamarack Ave 60540,3.0,2,"1,296"," Natural Gas, Electric", Central Air, 2,, 0, 0, English," Finished,Crawl,Egress Window,Rec/Family Area,Storage Space", 648," $6,189.82"
Single Family Residential,,1954,Naperville,"$579,000","$579,000","$3,633", 2, Naperville North High School,807 Douglas Ave 60540,3.0,2,983, Natural Gas, Central Air, 2,, 2, 4, Full, Partially Finished, 983," $9,012.64"
Condo,$283/month,1980,Whispering Hills,"$145,000","$145,000","$1,174", 2, Naperville North High School,1208 Whispering Hills Ct 60540,2.0,1,895, Baseboard,, 1,, 2, 0,, None,," $2,033.96"
Single Family Residential,$87/month,2019,White Eagle,"$1,400,000","$1,400,000","$9,610", 3, Waubonsie Valley High School,3311 Club Ct 60564,5.0,5.5,"4,670", Natural Gas, Central Air, 5, 1, 5, 5, Full, Finished," 2,007"," $30,645.82"
Vacant Land,$27/month,,Bridgewater,"$84,900","$84,900",$468,, Dekalb,2112 Golfview DR 46706,,,0.43,,,,, 0, 0,,,,
Vacant Land,$27/month,,Bridgewater,"$79,900","$79,900",$442,, Dekalb,2012 Golfview DR 46706,,,0.36,,,,, 0, 0,,,,
Vacant Land,$27/month,,Bridgewater,"$79,900","$79,900",$442,, Dekalb,1908 Golfview DR 46706,,,0.38,,,,, 0, 0,,,,
Vacant Land,$27/month,,Bridgewater,"$79,900","$79,900",$442,, Dekalb,2004 Golfview DR 46706,,,0.35,,,,, 0, 0,,,,
Vacant Land,$27/month,,Bridgewater,"$79,900","$79,900",$442,, Dekalb,1912 Golfview DR 46706,,,0.36,,,,, 0, 0,,,,
Vacant Land,$27/month,,Bridgewater,"$79,900","$79,900",$442,, Dekalb,2104 Golfview DR 46706,,,0.36,,,,, 0, 0,,,,
Vacant Land,$27/month,,Bridgewater,"$74,900","$74,900",$417,, Dekalb,2207 Golfview DR 46706,,,0.42,,,,, 0, 0,,,,
Vacant Land,$27/month,,Bridgewater,"$99,900","$99,900",$545,, Dekalb,2200 Golfview DR 46706,,,0.62,,,,, 0, 0,,,,
Vacant Land,$27/month,,Bridgewater,"$84,900","$84,900",$468,, Dekalb,2220 Golfview DR 46706,,,0.42,,,,, 0, 0,,,,
Vacant Land,$27/month,,Bridgewater,"$79,900","$79,900",$442,, Dekalb,1904 Golfview DR 46706,,,0.38,,,,, 0, 0,,,,
Vacant Land,$27/month,,Bridgewater,"$84,900","$84,900",$468,, Dekalb,2216 Golfview DR 46706,,,0.43,,,,, 0, 0,,,,
Vacant Land,$27/month,,Bridgewater,"$74,900","$74,900",$417,, Dekalb,2213 Golfview DR 46706,,,0.46,,,,, 0, 0,,,,
Vacant Land,$27/month,,Bridgewater,"$79,900","$79,900",$442,, Dekalb,2000 Golfview DR 46706,,,0.32,,,,, 0, 0,,,,
Vacant Land,$27/month,,Bridgewater,"$79,900","$79,900",$442,, Dekalb,2008 Golfview DR 46706,,,0.36,,,,, 0, 0,,,,
Vacant Land,$27/month,,Bridgewater,"$99,900","$99,900",$545,, Dekalb,1913 Golfview DR 46706,,,0.51,,,,, 0, 0,,,,
Vacant Land,$27/month,,Bridgewater,"$84,900","$84,900",$468,, Dekalb,2217 Golfview DR 46706,,,0.46,,,,, 0, 0,,,,
Vacant Land,$27/month,,Bridgewater,"$89,900","$89,900",$494,, Dekalb,2224 Golfview DR 46706,,,0.51,,,,, 0, 0,,,,
Vacant Land,$27/month,,Bridgewater,"$84,900","$84,900",$468,, Dekalb,2201 Golfview DR 46706,,,0.57,,,,, 0, 0,,,,
Townhouse,$309/month,2021,Naperville,"$510,000","$510,000","$2,998", 2, Naperville Central High School,623 Bourbon Ln 60565,3.0,2.5,"2,182", Natural Gas, Central Air, 2, 1, 3, 3, Full, Cellar,," $1,801"
Condo,$277/month,1993,Lancaster Coach,"$265,000","$265,000","$1,900", 1.5, Naperville Central High School,1922 Wisteria Ct 60565,2.0,2.5,"1,269"," Natural Gas, Forced Air", Central Air, 2, 1, 5, 0, Full, Finished,," $3,649.34"
Single Family Residential,$19/month,1993,High Meadow,"$599,900","$599,900","$3,972", 2, Neuqua Valley High School,2128 Yellowstar Ln 60564,5.0,3.5,"3,126", Natural Gas, Central Air, 3, 1, 11, 2," Full, English", Finished,," $11,593.86"
Single Family Residential,,1962,Saybrook,"$499,000","$499,000","$3,121", 2, Naperville North High School,1204 Trefoil Ct 60563,3.0,2,"1,492", Natural Gas, Central Air, 2,, 0, 9, Partial," Unfinished,Crawl", 746," $7,639.26"
Single Family Residential,,2002,Naperville,"$1,499,000","$1,499,000","$9,450", 3, Naperville North High School,122 Loomis St 60540,4.0,4.5,"4,198", Natural Gas," Central Air, Zoned", 4, 1, 0, 15, Full," Partially Finished,Concrete (Basement),Rec/Family Area"," 1,000"," $23,850.54"
Single Family Residential,$8/month,1986,Walnut Ridge,"$799,900","$799,900","$4,988", 2, Naperville Central High School,2233 Augustana Ct 60565,4.0,4,"3,386", Natural Gas, Central Air, 4,, 0, 8, Partial, Partially Finished," 1,571"," $11,972"
Single Family Residential,$58/month,2002,Bonnema Woods,"$1,785,000","$1,785,000","$11,335", 4, Naperville Central High School,1212 Bonnema Ct 60565,6.0,5.5,"6,432"," Natural Gas, Forced Air", Central Air, 5, 1, 12, 4," Full, English"," Finished,Lookout,Rec/Family Area",," $28,685"
Single Family Residential,$13/month,1995,Lakewood Crossing,"$414,900","$414,900","$2,693", 2, Metea Valley High School,2020 Schumacher Ln 60540,3.0,2.5,"1,560"," Natural Gas, Forced Air", Central Air, 2, 1, 2, 8, Partial," Finished,Crawl",," $7,370.78"
Single Family Residential,,1891,Naperville,"$775,000","$775,000","$4,246", 3.5, Neuqua Valley High School,11S767 Book Rd 60564,4.0,3,"3,300"," Natural Gas, Forced Air, Steam", Central Air, 3,, 0, 9, Partial," Unfinished,Cellar", 951," $4,654.68"
Townhouse,$285/month,1994,Rose Hill Farm,"$349,900","$349,900","$2,527", 2, Neuqua Valley High School,1042 Saratoga Rd 60564,3.0,2.5,"1,856"," Natural Gas, Forced Air", Central Air, 2, 1, 3, 3, Full, Unfinished,," $6,006"
Single Family Residential,$87/month,1996,White Eagle,"$999,900","$999,900","$6,847", 3, Waubonsie Valley High School,2483 Fawn Lake Cir 60564,6.0,4.5,"5,800"," Natural Gas, Forced Air, Zoned"," Central Air, Zoned", 4, 1, 10, 5, Full," Partially Finished,Exterior Access",," $21,391"
Single Family Residential,,1985,Eagle Chase,"$645,000","$645,000","$4,081", 6, Naperville North High School,1628 Chippewa Dr 60563,5.0,3.5,"2,900"," Natural Gas, Forced Air", Central Air, 3, 1, 6, 4, Full," Finished,Egress Window,Rec/Family Area,Sleeping Area,Storage Space",," $10,442"
Single Family Residential,,1976,Naperville,"$410,000","$410,000","$2,663", 2, Naperville North High School,329 Pearson Cir 60563,3.0,2.5,"1,874"," Natural Gas, Forced Air", Central Air, 2, 1, 1, 0, Full, Partially Finished, 744," $7,467.65"
Townhouse,$300/month,1990,Naperville,"$389,986","$389,986","$2,892", 2, Metea Valley High School,939 Heathrow Ln 60540,3.0,2.5,"1,629"," Natural Gas, Forced Air", Central Air, 2, 1, 0, 0, Full," Unfinished,Bathroom Rough-In",," $7,808.64"
Single Family Residential,,2001,Country Lakes,"$599,900","$599,900","$3,787", 2, Metea Valley High School,1012 Prairie View Ct 60563,5.0,2.5,"2,706", Natural Gas, Central Air, 2, 1, 9, 3, Full, Finished,," $9,605.46"
Single Family Residential,,1992,Naperville,"$674,900","$674,900","$4,514", 3, Naperville Central High School,2151 Primrose Ln 60565,5.0,4,"3,700", Natural Gas, Central Air, 4,, 11, 1, Walkout," Finished,Rec/Family Area"," 1,790"," $13,855.44"
Single Family Residential,,1989,Naperville,"$459,000","$459,000","$3,020", 2, Metea Valley High School,1618 Lois Ann Ln 60563,4.0,2.5,"2,270", Natural Gas, Central Air, 2, 1, 4, 3, English, Finished,," $8,816.52"
Townhouse,$282/month,2002,Naperville,"$239,900","$239,900","$1,842", 1, Metea Valley High School,2578 Golf Ridge Cir 60563,2.0,2.5,"1,412"," Natural Gas, Forced Air", Central Air, 2, 1, 0, 0,, Slab,," $4,384.12"
Single Family Residential,,1982,Buttonwood,"$690,000","$690,000","$4,382", 2, Metea Valley High School,604 Joshua Ct 60540,4.0,2.5,"2,812"," Natural Gas, Forced Air", Central Air, 2, 1, 3, 8, Full, Partially Finished,," $11,367.22"
Single Family Residential,$25/month,1995,River Run,"$714,900","$714,900","$4,629", 3, Neuqua Valley High School,1604 Dublin Dr 60564,4.0,3,"2,882"," Natural Gas, Forced Air", Central Air, 2, 2, 5, 5, English," Partially Finished,Crawl,Egress Window",," $12,539.72"
Single Family Residential,$19/month,1993,Rose Hill Farm,"$625,000","$625,000","$4,015", 2, Neuqua Valley High School,3827 Celeste Ln 60564,5.0,3.5,"2,915", Natural Gas, Central Air, 3, 1, 9, 1, Full," Finished,Other,Rec/Family Area,Storage Space",," $10,617.02"
Single Family Residential,$8/month,1990,Knoch Knolls,"$717,500","$717,500","$4,732", 3,,2795 Spinner Ct 60565,4.0,3.5,"3,906"," Natural Gas, Forced Air", Central Air, 3, 1, 8, 6," Partial, English"," Finished,Crawl"," 1,239"," $13,827.12"
Single Family Residential,,1966,Maplebrook,"$474,900","$474,900","$3,082", 2, Naperville Central High School,1340 Killdeer Dr 60565,4.0,2.5,"2,146"," Natural Gas, Forced Air", Central Air, 2, 1, 2, 6, Full," Partially Finished,Storage Space"," 1,073"," $8,617.46"
Single Family Residential,,1953,Naperville,"$1,625,000","$1,625,000","$9,940", 2.5, Naperville North High School,24 Donwood Dr 60540,3.0,2,"2,028"," Natural Gas, Forced Air", Central Air, 2,, 2, 0,, None,," $22,207.80"
Single Family Residential,$17/month,1998,Prairie Ridge,"$797,500","$797,500","$5,040", 3, Naperville Central High School,419 Pickerel Ct 60565,4.0,3.5,"3,646"," Natural Gas, Forced Air, Zoned"," Zoned, Dual", 3, 1, 8, 2, Full, Unfinished,," $12,628.82"
Townhouse,$260/month,1994,Heartlands,"$289,900","$289,900","$2,138", 2, Neuqua Valley High School,1924 Tamahawk Ln 60564,2.0,1.5,"1,286"," Natural Gas, Forced Air", Central Air, 1, 1, 2, 0,, Crawl,," $5,221"
Single Family Residential,,1975,Naperville,"$385,000","$385,000","$2,429", 2, Neuqua Valley High School,10S126 Ridge Rd 60565,4.0,2.5,"2,205"," Natural Gas, Forced Air", Central Air, 2, 1, 0, 0, Partial," Partially Finished,Crawl", 721," $6,144.88"
Single Family Residential,$49/month,1979,Hobson West,"$575,000","$575,000","$3,699", 2, Naperville Central High School,809 Shiloh Cir 60540,4.0,2.5,"2,086"," Natural Gas, Forced Air", Central Air, 2, 1, 1, 7, Full, Unfinished,," $9,450.14"
Townhouse,$353/month,1998,Naperville,"$400,000","$400,000","$2,869", 2, Naperville North High School,737 Prescott Ct 60563,3.0,2.5,"2,091"," Natural Gas, Forced Air", Central Air, 2, 1, 0, 0, English, Finished,," $6,292.16"
Townhouse,$180/month,1974,Pebblewood,"$379,000","$379,000","$2,460", 2, Metea Valley High School,35 Pebblewood Trl 60563,3.0,2.5,"1,727"," Natural Gas, Forced Air", Central Air, 2, 1, 0, 6, Full, Finished, 835," $4,714.96"
Single Family Residential,$48/month,2014,Ashwood Pointe,"$649,900","$649,900","$4,259", 2, Waubonsie Valley High School,3707 Birch Ln 60564,5.0,3.5,"3,213"," Natural Gas, Forced Air", Central Air, 3, 1, 6, 3, Full," Unfinished,Bathroom Rough-In",," $11,712.98"
Single Family Residential,$113/month,2012,Sutton Place,"$1,365,000","$1,365,000","$8,338", 4, Neuqua Valley High School,2648 Sutton Cir 60564,6.0,5.5,"9,750", Electric, Central Air, 5, 1, 5, 7," Full, Walkout"," Finished,Exterior Access,Egress Window",," $17,160.40"
Single Family Residential,$53/month,1980,Naperville,"$625,000","$625,000","$4,066", 2, Naperville Central High School,825 Shiloh Cir 60540,4.0,2.5,"2,842", Natural Gas, Central Air, 2, 1, 0, 8, Full, Partially Finished," 1,300"," $10,824.82"
Condo,$512/month,1986,Riverplace,"$257,000","$257,000","$2,115", 2, Naperville Central High School,511 Aurora Ave 60540,1.0,1,890, Electric, Central Air, 1,, 1, 4,, Slab,," $3,887.94"
Single Family Residential,$19/month,1998,Clow Creek,"$564,900","$564,900","$3,777", 3, Neuqua Valley High School,4324 Dairymans Cir 60564,5.0,3.5,"2,842", Natural Gas, Central Air, 3, 1, 8, 1, Full, Finished,," $11,347.29"
Single Family Residential,$13/month,1994,Lakewood Crossing,"$429,900","$429,900","$2,734", 2, Metea Valley High School,1207 Samuel Ct 60540,3.0,2.5,"2,269"," Natural Gas, Forced Air", Central Air, 2, 1, 6, 0, Full, Finished,," $6,972.80"
Single Family Residential,,1969,Burr Oaks,"$899,900","$899,900","$6,032", 2, Naperville Central High School,8S260 College Rd 60540,4.0,3.5,"3,280"," Natural Gas, Forced Air", Central Air, 3, 1, 2, 8, Full, Unfinished,," $18,630.64"
Condo,$386/month,1980,Naperville,"$169,500","$169,500","$1,410", 2,,5s100 Pebblewood Ln 60563,2.0,1.5,927, Forced Air, Central Air, 1, 1, 0, 4,, None,," $2,168.86"
Single Family Residential,$45/month,1988,Knolls of Huntington,"$699,000","$699,000","$4,641", 2, Naperville North High School,817 Turnbridge Cir 60540,5.0,4,"3,800", Natural Gas, Central Air, 4,, 4, 6, Full, Finished,," $13,392.24"
Single Family Residential,,1954,Naperville,"$2,499,000","$2,499,000","$15,075", 3, Naperville North High School,7S460 Donwood Dr W 60540,3.0,4,"6,294", Radiant, Central Air, 3, 2, 5, 4, Partial," Finished,Rec/Family Area,Storage Space"," 1,159"," $31,616.38"
Single Family Residential,$75/month,1988,White Eagle,"$695,000","$695,000","$4,775", 3, Waubonsie Valley High School,4042 Broadmoor Cir 60564,5.0,3,"4,149"," Natural Gas, Forced Air"," Central Air, Zoned", 3,, 0, 0, Full, Finished,," $14,876.72"
Vacant Land,,,Naperville,"$340,000","$340,000","$1,955",, Naperville Central High School,44 Oak Bluff Ct 60565,,,,,,,, 0, 0,,,," $3,152.54"
Single Family Residential,,1923,Naperville,"$475,000","$475,000","$3,032", 6, Naperville North High School,835 N Center St 60563,4.0,2.5,"1,550"," Natural Gas, Forced Air", Central Air, 2, 1, 3, 0, Full, Partially Finished,," $8,012.76"
Single Family Residential,$28/month,2012,Reserve at Century Trace,"$999,000","$999,000","$6,509", 3, Neuqua Valley High School,11542 Century Cir 60585,5.0,6,"6,403"," Natural Gas, Forced Air, Zoned"," Central Air, Zoned", 6,, 6, 7," Full, Walkout"," Finished,Exterior Access,9 ft + pour,Rec/Family Area"," 2,160"," $18,090.88"
Single Family Residential,,1982,Naperville,"$574,500","$574,500","$3,811", 2.5,,Undisclosed address 60563,4.0,3.5,"3,300", Natural Gas, Central Air, 3, 1, 0, 0, Full," Bathroom Rough-In,Concrete (Basement)",," $11,407.78"
Single Family Residential,$61/month,2004,Tall Grass,"$769,900","$769,900","$5,130", 3, Waubonsie Valley High School,2704 Mistflower Ln 60564,4.0,3.5,"3,625"," Natural Gas, Forced Air", Central Air, 3, 1, 8, 2, Full," Unfinished,Exterior Access",," $14,840"
Single Family Residential,$8/month,1989,Tamarack Fairways,"$825,000","$825,000","$5,279", 3, Neuqua Valley High School,24304 Woodhall Dr 60564,4.0,4,"3,888"," Natural Gas, Forced Air", Central Air, 4,, 5, 7, Full," Finished,Crawl,Rec/Family Area,Sleeping Area,Storage Space",," $13,970.98"
Condo,$183/month,2000,Naperville,"$285,000","$285,000","$1,940", 1,,2435 Sheehan Dr 60564,2.0,2,"1,139", Natural Gas, Central Air, 2,, 0, 0,, None,," $4,064"
Single Family Residential,,1987,Naperville,"$449,900","$449,900","$2,974", 2, Waubonsie Valley High School,1297 Gregory Ct 60565,4.0,2.5,"2,455", Natural Gas, Central Air, 2, 1, 4, 1, Full, Unfinished,," $8,810.16"
Townhouse,$220/month,1995,Estes Park,"$250,000","$250,000","$1,868", 1, Metea Valley High School,1108 Vail Ct 60540,3.0,2.5,"1,499"," Natural Gas, Forced Air", Central Air, 2, 1, 6, 0,, None,," $4,846.72"
Single Family Residential,,1978,Naperville,"$589,000","$589,000","$3,692", 2,,904 Carlson Ct 60563,4.0,2.5,"2,573", Natural Gas, Central Air, 2, 1, 4, 6, Full, Unfinished,," $9,120.38"
Single Family Residential,$29/month,2014,Thornberry Woods,"$749,900","$749,900","$5,118", 3, Naperville Central High School,3829 Gladstone Dr 60565,5.0,4.5,"3,546"," Natural Gas, Electric", Central Air, 4, 1, 6, 4, Full," Finished,Exterior Access",," $16,265"
Condo,$433/month,1974,Pebblewood,"$155,000","$155,000","$1,394", 1, Metea Valley High School,5S040 Pebblewood Ln 60563,2.0,1.5,"1,095", Radiant, Central Air, 1, 1, 3, 0,, None,," $2,276"
Condo,$427/month,1974,Naperville,"$147,500","$147,500","$1,350", 1,,5S040 Pebblewood Ln 60563,2.0,1.5,"1,070", Natural Gas, Central Air, 1, 1, 5, 0,, None,," $2,265.20"
Single Family Residential,,1987,Country Lakes,"$475,000","$475,000","$3,159", 2, Metea Valley High School,1124 Burke Ct 60563,5.0,3.5,"3,979", Natural Gas, Central Air, 3, 1, 7, 4, Full, Finished," 1,271"," $9,526.28"
Condo,$233/month,1998,River Bend,"$279,900","$279,900","$2,007", 1, Naperville Central High School,471 River Bend Rd 60540,2.0,2.5,"1,250"," Natural Gas, Forced Air", Central Air, 2, 1, 2, 1,, None,," $4,570.88"
Condo,$392/month,2008,Mayfair,"$449,500","$449,500","$3,384", 2,,2769 Blakely Ln 60540,3.0,2.5,"1,985"," Natural Gas, Forced Air", Central Air, 2, 1, 4, 4, Full," Unfinished,Bathroom Rough-In",," $9,048"
Single Family Residential,$13/month,1994,Lakewood Crossing,"$515,000","$515,000","$3,371", 2, Metea Valley High School,1104 Mallory Ct 60540,4.0,2.5,"2,360", Natural Gas, Central Air, 2, 1, 8, 0, Partial," Finished,Crawl",," $9,528.48"
Single Family Residential,$25/month,1997,River Run,"$835,000","$835,000","$5,432", 3, Neuqua Valley High School,1759 Baybrook Ln 60564,5.0,4.5,"3,711", Natural Gas, Central Air, 4, 1, 3, 7, Partial," Finished,Crawl",," $15,001.24"
Townhouse,$305/month,1998,Riverbrook,"$265,000","$265,000","$1,985", 1,,1319 Sugar Ct 60563,2.0,1.5,"1,428"," Natural Gas, Forced Air", Central Air, 1, 1, 2, 1,, None,," $4,324.32"
Townhouse,$450/month,2005,Naperville Station,"$550,000","$550,000","$4,180", 2.5,,257 Boxcar Ave 60540,3.0,3,"2,717", Natural Gas, Central Air, 2, 2, 4, 5, Full, Partially Finished,," $11,906"
Single Family Residential,,1965,Naperville,"$400,000","$400,000","$2,535", 2,,436 Tupelo Ave 60540,3.0,2,"1,392", Natural Gas, Central Air, 2,, 0, 0, Partial, Finished,," $6,527"
Townhouse,$333/month,2000,Riverbrook West,"$299,900","$299,900","$2,257", 2, Metea Valley High School,1756 Windward Ave 60563,3.0,2.5,"1,538"," Natural Gas, Forced Air", Central Air, 2, 1, 5, 0, Full, Finished,," $5,169.80"
Single Family Residential,,2018,East Highlands,"$1,785,000","$1,785,000","$11,357", 3, Naperville Central High School,724 S Wright St 60540,4.0,5.5,"4,100", Natural Gas, Central Air, 5, 1, 4, 6, Full, Finished,," $29,645.30"
Single Family Residential,$4/month,1987,Winding Creek,"$565,000","$565,000","$3,678", 2, Naperville Central High School,448 Prairie Knoll Dr 60565,4.0,2.5,"2,761"," Natural Gas, Forced Air", Central Air, 2, 1, 6, 4, Full, Unfinished,," $10,331.08"
Single Family Residential,,2022,Naperville,"$2,850,000","$2,850,000","$15,169", 3, Naperville North High School,324 S Julian St 60540,6.0,6.5,"5,828"," Natural Gas, Electric"," Central Air, Zoned, Gas", 6, 1, 1, 10, Full," Unfinished,Crawl,Bathroom Rough-In,Concrete (Basement),Storage Space"," 2,361"," $11,774.68"
Single Family Residential,,1984,Campus Green,"$575,000","$575,000","$3,611", 2, Naperville Central High School,1800 Princeton Cir 60565,4.0,2.5,"2,746", Natural Gas, Central Air, 2, 1, 1, 4, Full, Finished,," $8,983.56"
Single Family Residential,,1976,Pembroke Greens,"$585,000","$585,000","$3,776", 2.5, Naperville North High School,549 Olesen Dr 60540,5.0,2.5,"2,579", Natural Gas, Central Air, 2, 1, 0, 9, Full," Finished,Storage Space"," 1,390"," $10,366.78"
Townhouse,$309/month,1998,Carrolwood,"$259,900","$259,900","$1,937", 1, Metea Valley High School,2535 Carrolwood Rd 60540,2.0,2.5,"1,324"," Natural Gas, Forced Air", Central Air, 2, 1, 2, 0,, None,," $4,004"
Single Family Residential,,1958,Naperville,"$480,000","$480,000","$3,182", 2.5,,1065 Prairie Ave 60540,4.0,2,"1,903"," Natural Gas, Electric", Central Air, 2,, 0, 0, Full, Unfinished,," $9,508.68"
Single Family Residential,,1984,Brookdale,"$369,000","$369,000","$2,420", 2, Metea Valley High School,1709 Paddington Ave 60563,3.0,2.5,"1,560"," Natural Gas, Forced Air", Central Air, 2, 1, 6, 0, Partial, Finished,," $6,996.10"
Single Family Residential,$63/month,2004,Tall Grass,"$869,900","$869,900","$5,607", 3, Waubonsie Valley High School,3955 Bluejay Ln 60564,5.0,5,"3,700"," Natural Gas, Forced Air", Central Air, 5,, 0, 9, Full, Finished,," $14,560"
Single Family Residential,$75/month,2000,White Eagle,"$780,000","$780,000","$5,008", 3, Waubonsie Valley High School,3532 Scottsdale Cir 60564,3.0,2.5,"2,885"," Natural Gas, Forced Air", Central Air, 2, 1, 6, 2, Full, Unfinished,," $12,601"
Townhouse,$338/month,2018,Columbia Park Townes,"$449,900","$449,900","$3,342", 7, Naperville North High School,940 Coletta Cir 60563,3.0,3,"2,185", Natural Gas, Central Air, 2, 2, 4, 4,, Slab,," $9,172.44"
Single Family Residential,$17/month,1997,High Meadow,"$619,000","$619,000","$3,949", 3, Neuqua Valley High School,2523 Wild Timothy Rd 60564,5.0,2.5,"2,845"," Natural Gas, Forced Air", Central Air, 2, 1, 5, 4, Full," Finished,Crawl",," $10,209.98"
Single Family Residential,,1980,Brush Hill,"$575,000","$575,000","$3,539", 2, Naperville North High School,106 N Whispering Hills Dr 60540,4.0,2.5,"2,214"," Natural Gas, Forced Air", Central Air, 2, 1, 5, 3, Full, Partially Finished,," $8,117.66"
Single Family Residential,,1995,Eagle Pointe,"$424,900","$424,900","$2,838", 2, Waubonsie Valley High School,1679 Charlotte Cir 60564,3.0,3.5,"2,000", Natural Gas, Central Air, 3, 1, 4, 3, Full, Finished,," $8,671.02"
Single Family Residential,$29/month,1998,Naperville,"$800,000","$800,000","$5,203", 3, Neuqua Valley High School,2308 Sisters Ave 60564,5.0,4.5,"4,500"," Natural Gas, Forced Air", Central Air, 4, 1, 13, 3," Full, Walkout"," Finished,Exterior Access",," $14,300"
Single Family Residential,$61/month,2001,Tall Grass,"$769,334","$769,334","$5,247", 2.5, Waubonsie Valley High School,3807 Horizon Ct 60564,5.0,4,"4,031"," Natural Gas, Forced Air", Central Air, 4,, 1, 10," Full, Walkout", Unfinished,," $16,273.68"
Single Family Residential,$48/month,2014,Ashwood Pointe,"$649,900","$649,900","$4,232", 2, Waubonsie Valley High School,3736 Honey Locust Dr 60564,5.0,3.5,"3,213"," Natural Gas, Forced Air", Central Air, 3, 1, 6, 4, Full," Unfinished,Bathroom Rough-In",," $11,385"
Vacant Land,,,Naperville,"$661,500","$661,500","$3,564",, Neuqua Valley High School,Lot 3 103rd St 60564,,,1.41,,,,, 0, 0,, None,," $3,255"
Single Family Residential,,1979,Naperville,"$499,000","$499,000","$3,040", 2, Metea Valley High School,5S511 Bonnie Ct 60563,4.0,2.5,"2,072"," Natural Gas, Forced Air", Central Air, 2, 1, 7, 2, Full, Finished," 1,114"," $6,668.78"
Vacant Land,,,Naperville,"$668,500","$668,500","$3,599",, Neuqua Valley High School,Lot 2 103rd St 60564,,,1.49,,,,, 0, 0,, None,," $3,255"
Vacant Land,,,Naperville,"$655,500","$655,500","$3,535",, Neuqua Valley High School,24531 103rd St 60564,,,1.35,,,,, 0, 0,, None,," $3,255"
Single Family Residential,,2022,Saybrook,"$1,549,000","$1,549,000","$8,508", 3, Naperville North High School,417 Bayberry Ln 60563,4.0,4,"3,800"," Natural Gas, Forced Air", Central Air, 4,, 0, 0, Full," Unfinished,Bathroom Rough-In",,
Single Family Residential,$8/month,1988,Knoch Knolls,"$649,900","$649,900","$3,320", 2.5, Neuqua Valley High School,440 Du Pahze St 60565,4.0,2.5,"3,112", Natural Gas, Central Air, 2, 1, 9, 3, Full," Finished,Crawl",, $914.24
Single Family Residential,$17/month,1994,High Meadow,"$545,000","$545,000","$3,509", 2, Neuqua Valley High School,5319 Sand Lily Dr 60564,3.0,2.5,"2,219"," Natural Gas, Forced Air", Central Air, 2, 1, 6, 3, Full, Finished, 825," $9,351.70"
Single Family Residential,$8/month,2015,Green Acres,"$3,400,000","$3,400,000","$21,190", 4, Naperville Central High School,27W675 South Ln 60540,6.0,7,"7,693"," Natural Gas, Forced Air, Steam, Zoned"," Central Air, Zoned", 6, 2, 0, 17, Full," Unfinished,Exterior Access,Bathroom Rough-In,Egress Window",," $51,072.16"
Single Family Residential,$75/month,1996,White Eagle,"$744,900","$744,900","$4,820", 3,,3648 White Eagle Dr 60564,5.0,3,"3,000"," Natural Gas, Forced Air", Central Air, 3,, 7, 4, Full, Finished,," $12,436.18"
Single Family Residential,$17/month,1999,High Meadow,"$639,000","$639,000","$4,063", 2.5, Neuqua Valley High School,2628 Wild Timothy Rd 60564,5.0,3.5,"3,200"," Natural Gas, Forced Air", Central Air, 3, 1, 0, 0," Full, English", Finished,," $10,379.58"
Single Family Residential,,2023,East Highlands,"$1,649,900","$1,649,900","$8,365", 3, Naperville Central High School,842 Wellner Rd 60540,4.0,3.5,"3,696"," Natural Gas, Forced Air", Central Air, 3, 1, 8, 4, Full," Unfinished,9 ft + pour",,
Single Family Residential,$260/month,2000,White Eagle,"$859,000","$859,000","$5,924", 3, Waubonsie Valley High School,3572 Scottsdale Cir 60564,7.0,5,"4,430", Natural Gas, Central Air, 5,, 11, 6, Full, Finished," 2,007"," $16,657.94"
Single Family Residential,,1984,Naperville,"$469,000","$469,000","$2,979", 2.5, Neuqua Valley High School,10439 S Helene Ave 60564,3.0,2,"2,088"," Natural Gas, Forced Air", Central Air, 2,, 3, 3, Partial, Partially Finished, 789," $7,736"
Single Family Residential,$6/month,1997,Ivy Ridge,"$571,500","$571,500","$3,773", 2, Metea Valley High School,844 Fieldcrest Dr 60540,4.0,3.5,"3,218"," Natural Gas, Forced Air", Central Air, 3, 1, 5, 5, Full, Finished," 1,254"," $11,065.46"
Single Family Residential,,1970,Pembroke Greens,"$575,000","$575,000","$3,649", 2, Naperville North High School,1216 Elizabeth Ave 60540,3.0,2,"2,048"," Natural Gas, Forced Air", Central Air, 2,, 2, 6, Partial," Partially Finished,Crawl"," 1,536"," $9,435.98"
Single Family Residential,,1971,Cress Creek,"$924,000","$924,000","$5,825", 2.5, Naperville North High School,1205 Heatherton Dr 60563,4.0,3.5,"3,765"," Natural Gas, Zoned", Central Air, 3, 1, 3, 13, Full," Partially Finished,9 ft + pour",,
Single Family Residential,$50/month,1996,Ashbury,"$600,000","$600,000","$3,936", 2.5, Neuqua Valley High School,1336 Saxon Ln 60564,4.0,3.5,"2,750"," Natural Gas, Forced Air", Central Air, 3, 1, 10, 1, Full," Partially Finished,Crawl,Rec/Family Area"," 1,168"," $10,786"
Single Family Residential,$19/month,1998,Harmony Grove,"$550,000","$550,000","$3,688", 2, Neuqua Valley High School,2740 Fairhauser Rd 60564,4.0,2.5,"2,780"," Natural Gas, Forced Air", Central Air, 2, 1, 8, 1, Full, Unfinished,," $11,166"
Townhouse,$336/month,2022,Naper Commons,"$539,742","$539,742","$3,603", 2,,2232 Naperville Rd 60563,3.0,2.5,"2,100", Natural Gas, Central Air, 2, 1, 0, 0, Full, Unfinished,,
Single Family Residential,,1996,Naperville,"$475,000","$475,000","$2,931", 2, Neuqua Valley High School,2520 Boddington Ln 60564,5.0,3,"2,650", Natural Gas, Central Air, 3,, 0, 2, Full," Unfinished,Crawl"," 1,008"," $6,794.08"
Single Family Residential,,2018,Naperville,"$1,320,000","$1,320,000","$8,310", 3, Naperville North High School,820 Douglas Ave 60540,5.0,4.5,"3,150", Natural Gas, Central Air, 4, 1, 3, 3, Full, Finished,," $20,864"
Townhouse,$251/month,1998,Crosswinds,"$224,900","$224,900","$1,648", 1, Neuqua Valley High School,2131 Fulham Dr 60564,2.0,1.5,"1,367"," Natural Gas, Forced Air", Central Air, 1, 1, 3, 2,, None,,
Condo,$293/month,1985,Naperville,"$175,900","$175,900","$1,423", 1, Naperville Central High School,1755 S Washington St 60565,2.0,2,"1,100", Natural Gas, Central Air, 2,, 0, 0,, None,," $3,047.54"
Single Family Residential,$28/month,2002,Century Trace,"$570,000","$570,000","$3,842", 3, Neuqua Valley High School,11550 Legacy Dr 60585,4.0,2.5,"3,561"," Natural Gas, Forced Air, Zoned"," Central Air, Zoned", 2, 1, 8, 2, Full, Unfinished,," $11,712"
Single Family Residential,,1992,Naperville,"$748,800","$748,800","$4,750", 2, Naperville Central High School,1859 River Ridge Cir 60565,4.0,3.5,"3,603"," Natural Gas, Forced Air", Central Air, 3, 1, 7, 5, Partial," Partially Finished,Crawl"," 1,800"," $12,267.34"
Single Family Residential,,1973,Maplebrook II,"$465,000","$465,000","$2,991", 2, Naperville Central High School,56 Finch Ct 60565,4.0,2.5,"2,307", Natural Gas, Central Air, 2, 1, 8, 0, Partial, Partially Finished, 600," $8,112.46"
Single Family Residential,,2023,Naperville,"$1,375,000","$1,375,000","$7,513", 2, Naperville North High School,660 Eagle St 60563,4.0,3,"3,500", Natural Gas, Central Air, 3,, 4, 4, Full, Unfinished,," $8,020.21"
Single Family Residential,,2021,Naperville,"$1,300,000","$1,300,000","$7,062", 3, Naperville Central High School,323 Elmwood Dr 60540,4.0,3.5,"3,726", Natural Gas, Central Air, 3, 1, 4, 4, Full, Unfinished,," $7,077"
Condo,$438/month,2007,Naperville,"$259,900","$259,900","$2,060", 2, Waubonsie Valley High School,3975 Idlewild Ln 60564,2.0,2,"1,243", Natural Gas, Central Air, 2,, 2, 4,, None,," $3,940.16"
Townhouse,$285/month,1994,Rose Hill Farm,"$335,000","$335,000","$2,324", 2, Neuqua Valley High School,3908 Vesper Ct 60564,2.0,2.5,"1,700", Natural Gas, Central Air, 2, 1, 4, 0, Full, Unfinished,," $4,458"
Townhouse,$325/month,1989,The Fields,"$449,900","$449,900","$3,149", 2,,907 Heathrow Ln 60540,2.0,3,"1,522", Natural Gas, Central Air, 3,, 4, 0, Full, Partially Finished," 1,522"," $7,015.40"
Single Family Residential,,1985,Naperville,"$512,500","$512,500","$3,224", 5, Naperville Central High School,1628 Carnegie Ct 60565,4.0,3.5,"2,400"," Natural Gas, Forced Air", Central Air, 3, 1, 7, 0, Full," Partially Finished,Crawl,Egress Window,Rec/Family Area,Sleeping Area,Storage Space"," 1,200"," $8,073.52"
Single Family Residential,,1990,University Heights,"$479,900","$479,900","$3,219", 2, Naperville Central High School,1620 Canyon Run Rd 60565,4.0,2.5,"2,897", Natural Gas, Central Air, 2, 1, 7, 1, Full, Finished,," $9,963.70"
Condo,$326/month,1989,Valley Condominiums,"$199,900","$199,900","$1,621", 1,,457 Valley Dr 60563,2.0,2,"1,198"," Natural Gas, Forced Air", Central Air, 2,, 0, 0,, None,," $3,597.28"
Townhouse,$278/month,2001,Enclave at Country Lakes,"$285,000","$285,000","$2,123", 3,,922 Genesee Dr 60563,3.0,3,"1,196", Natural Gas, Central Air, 3,, 0, 0," Full, English", Finished,," $5,115.50"
Single Family Residential,$122/month,2006,Ashwood Park,"$990,000","$990,000","$6,511", 3, Waubonsie Valley High School,4128 Teak Cir 60564,5.0,5.5,"4,200"," Natural Gas, Forced Air", Central Air, 5, 1, 10, 4, Full, Finished,," $17,526"
Single Family Residential,$85/month,1999,White Eagle,"$1,049,900","$1,049,900","$6,581", 3, Waubonsie Valley High School,2712 Deering Bay Dr 60564,5.0,4.5,"4,500", Natural Gas, Central Air, 4, 1, 2, 9, Full, Finished," 1,564"," $15,234.92"
Single Family Residential,$33/month,1977,Huntington Estates,"$600,000","$600,000","$3,891", 2, Naperville North High School,986 Rossmere Ct 60540,4.0,2.5,"3,062", Natural Gas, Central Air, 2, 1, 5, 3, Full, Unfinished,," $10,458.96"
Townhouse,$327/month,2001,Enclave at Country Lakes,"$250,000","$250,000","$1,930", 1, Metea Valley High School,937 Genesee Dr 60563,2.0,2,"1,510"," Natural Gas, Forced Air", Central Air, 2,, 5, 0,, None,," $4,303"
Condo,$216/month,2004,Naperville,"$265,000","$265,000","$1,888", 1, Neuqua Valley High School,2803 Rutland Cir 60564,2.0,2,"1,240", Natural Gas, Central Air, 2,, 1, 0,, Slab,," $4,232.14"
Single Family Residential,$13/month,1994,Lakewood Crossing,"$389,900","$389,900","$2,504", 2, Metea Valley High School,1120 Lakewood Cir 60540,3.0,1.5,"1,446", Natural Gas, Central Air, 1, 1, 0, 0, Full, Partially Finished,," $6,600"
Single Family Residential,$53/month,1981,Hobson West,"$639,900","$639,900","$4,240", 3, Naperville Central High School,905 Sumter Ct 60540,4.0,3.5,"3,121", Natural Gas, Central Air, 3, 1, 4, 6, Full, Finished,," $12,018.52"
Single Family Residential,,2003,Naperville,"$1,550,000","$1,550,000","$10,258", 3, Naperville North High School,425 W Franklin Ave 60540,5.0,5.5,"5,206", Natural Gas, Central Air, 5, 1, 8, 5, Full, Finished," 2,500"," $30,505.90"
Single Family Residential,,1960,Aero Estates,"$395,000","$395,000","$2,535", 2, Neuqua Valley High School,9S104 Aero Dr 60564,3.0,1.5,"2,003"," Natural Gas, Forced Air, Steam, Baseboard", Central Air, 1, 1, 0, 3, Partial," Unfinished,Crawl,Sub-Basement",," $6,819.80"
Single Family Residential,,2023,East Highlands,"$1,557,000","$1,557,000","$8,439", 3, Naperville Central High School,646 Wehrli Dr 60540,4.0,4,"3,900"," Natural Gas, Zoned", Central Air, 4,, 4, 8," Full, English", Unfinished,," $8,257.22"
Single Family Residential,$19/month,1998,Harmony Grove,"$529,999","$529,999","$3,519", 3, Neuqua Valley High School,2628 Hoddam Rd 60564,4.0,3.5,"2,617"," Natural Gas, Forced Air", Central Air, 3, 1, 10, 3, Full, Finished,," $10,336.72"
Single Family Residential,$8/month,1987,Tamarack Fairways,"$649,900","$649,900","$4,192", 3, Neuqua Valley High School,24104 Ascot Ct 60564,5.0,3.5,"3,018"," Natural Gas, Forced Air", Central Air, 3, 1, 4, 7, Partial, Finished,," $11,385.10"
Single Family Residential,,1985,Naperville,,,"$4,086",,,10S558 Curtis Ln 60564,4.0,3.5,"2,700",,,,, 0, 0,,,,
Single Family Residential,$75/month,2018,Atwater,"$674,900","$674,900","$4,417", 2, Metea Valley High School,2404 Coastal Sage Ct 60563,4.0,2.5,"3,125"," Natural Gas, Forced Air", Central Air, 2, 1, 9, 7, Full, Unfinished,," $11,784.46"
Single Family Residential,$122/month,2016,Ashwood Park,"$929,000","$929,000","$6,076", 3, Neuqua Valley High School,4003 Chinaberry Ln 60564,5.0,5.5,"3,400", Natural Gas, Central Air, 5, 1, 10, 5, Full, Finished,," $15,955"
Townhouse,$246/month,2017,Emerson Park,"$400,000","$400,000","$2,766", 2, Waubonsie Valley High School,2964 Madison Dr 60564,3.0,2.5,"1,813", Natural Gas, Central Air, 2, 1, 3, 0, English, Finished,," $6,342"
Single Family Residential,$277/month,2017,Carillon Club,"$564,900","$564,900","$3,866", 2,,2667 Cranbrook St 60564,2.0,2,"1,940"," Natural Gas, Forced Air", Central Air, 2,, 2, 5, Full, Unfinished,," $9,326"
Condo,$340/month,1981,Naperville,"$240,000","$240,000","$1,757", 1,,5S530 Scots Dr 60563,2.0,1,"1,108"," Natural Gas, Forced Air", Central Air, 1,, 0, 0, Partial," Unfinished,Storage Space",," $2,661.06"
Condo,$312/month,1979,The Mansions,"$299,000","$299,000","$2,161", 2, Naperville North High School,1128 Iroquois Ave 60563,3.0,2,"1,770", Natural Gas, Central Air, 2,, 8, 0,, Slab,," $4,330"
Single Family Residential,,1969,Maplebrook II,"$445,000","$445,000","$2,847", 2, Naperville Central High School,77 W Bailey Rd 60565,3.0,2.5,"2,065"," Natural Gas, Forced Air", Central Air, 2, 1, 1, 5,, Crawl,," $7,584.10"
Single Family Residential,,1984,Will-O-Way,"$769,000","$769,000","$4,917", 2, Naperville Central High School,98 Ventura Ct 60540,5.0,3.5,"3,318"," Natural Gas, Forced Air", Central Air, 3, 1, 9, 5, Full, Partially Finished," 1,512"," $13,060.74"
Single Family Residential,$7/month,1997,Ivy Ridge,"$545,000","$545,000","$3,611", 2, Metea Valley High School,811 Fieldcrest Dr 60540,4.0,2.5,"3,009"," Natural Gas, Forced Air", Central Air, 2, 1, 7, 2, Full, Finished," 1,323"," $10,686.02"
Single Family Residential,$33/month,1978,Huntington Estates,"$525,000","$525,000","$3,471", 2, Naperville North High School,1000 Bankfield Ct 60540,4.0,2.5,"2,229"," Natural Gas, Forced Air", Central Air, 2, 1, 6, 3, Full," Partially Finished,Crawl",," $9,887.10"
Single Family Residential,,1986,Naperville,"$500,000","$500,000","$3,270", 2, Neuqua Valley High School,2209 Nottingham Dr 60565,4.0,2.5,"2,229"," Natural Gas, Forced Air", Central Air, 2, 1, 7, 3," Full, Walkout"," Finished,Exterior Access",," $9,369"
Townhouse,$280/month,2015,Mayfair,"$449,000","$449,000","$3,229", 2, Metea Valley High School,2954 Henley Ln 60540,2.0,3.5,"2,663", Natural Gas, Central Air, 3, 1, 3, 3," Full, English"," Finished,Storage Space", 780," $8,559.26"
Single Family Residential,,1994,Eagle Pointe,"$465,000","$465,000","$3,179", 2,,1521 Tara Belle Pkwy 60564,4.0,2.5,"2,340"," Natural Gas, Forced Air", Central Air, 2, 1, 5, 0, Full, Partially Finished," 1,170"," $10,366"
Condo,$388/month,1999,Stonewater,"$299,000","$299,000","$2,316", 2, Neuqua Valley High School,2906 Stonewater Dr 60564,3.0,2,"1,566"," Natural Gas, Forced Air", Central Air, 2,, 5, 0,, None,," $5,279.70"
Single Family Residential,,1994,Brookwood Trace,"$695,000","$695,000","$4,501", 3, Neuqua Valley High School,520 Gateshead Dr 60565,4.0,2.5,"3,296", Natural Gas," Central Air, Zoned", 2, 1, 7, 3, Full, Unfinished,," $12,490.16"
Single Family Residential,$13/month,1987,Brighton Ridge,"$659,900","$659,900","$4,277", 6, Waubonsie Valley High School,929 W Bailey Rd 60565,4.0,2.5,"3,756"," Natural Gas, Forced Air", Central Air, 2, 1, 9, 4, Full," Finished,Partially Finished,Crawl,Egress Window,8 ft + pour,Concrete (Basement),Rec/Family Area,Storage Space", 835," $11,743.20"
Single Family Residential,,1978,Brookdale,"$575,000","$575,000","$3,734", 6, Metea Valley High School,1430 Kings Ct 60563,4.0,2.5,"2,790"," Natural Gas, Forced Air", Central Air, 2, 1, 4, 3, Partial," Unfinished,Crawl",," $10,459.18"
Single Family Residential,$54/month,1994,Ashbury,"$725,000","$725,000","$4,701", 3, Neuqua Valley High School,3103 Wolfe Ct 60564,4.0,2.5,"3,470"," Natural Gas, Forced Air", Central Air, 2, 1, 8, 1, Full," Unfinished,Crawl",," $12,456.46"
Single Family Residential,,1992,Chestnut Ridge,"$675,000","$675,000","$4,191", 2, Naperville Central High School,1759 Mundelein Rd 60565,4.0,2.5,"2,815"," Natural Gas, Forced Air", Central Air, 2, 1, 7, 2, Partial, Finished,," $9,967.88"
Single Family Residential,,1978,Naperville,"$352,900","$352,900","$2,198", 2, Naperville Central High School,1109 Greensfield Dr 60563,3.0,2,"1,724", Natural Gas, Central Air, 2,, 3, 0, Full, Partially Finished, 616," $5,298.62"
Townhouse,$214/month,2020,Warrenville,"$425,000","$425,000","$2,863", 4, Wheaton Warrenville South H S,3S510 Barkley Ave 60563,3.0,2.5,"1,914"," Natural Gas, Forced Air", Central Air, 2, 1, 0, 0,, None,," $6,396"
Single Family Residential,,1992,Greene Ridge,"$689,900","$689,900","$4,386", 2, Naperville Central High School,1808 Auburn Ave 60565,4.0,2.5,"2,915"," Natural Gas, Forced Air", Central Air, 2, 1, 8, 3, Full, Partially Finished,," $11,415.08"
Townhouse,$306/month,2018,Bauer Place,"$585,000","$585,000","$3,986", 2, Naperville North High School,1124 E Bauer Rd 60563,3.0,2.5,"2,422"," Natural Gas, Forced Air", Central Air, 2, 1, 3, 0,, None,," $9,218.52"
Single Family Residential,$20/month,1997,Saddle Creek,"$610,000","$610,000","$3,884", 2, Neuqua Valley High School,2220 Snow Creek Rd 60564,4.0,2.5,"2,900"," Natural Gas, Forced Air", Central Air, 2, 1, 4, 4, Full," Finished,Crawl,Rec/Family Area"," 1,368"," $9,924"
Single Family Residential,$17/month,1994,High Meadow,"$589,000","$589,000","$3,858", 2, Neuqua Valley High School,5332 Coneflower Dr 60564,4.0,3.5,"2,670", Natural Gas, Central Air, 3, 1, 5, 4, Full," Finished,Crawl"," 1,225"," $10,908"
Single Family Residential,,1996,Naperville,"$540,000","$540,000","$3,500", 2, Neuqua Valley High School,2640 Snowbird Ln 60564,4.0,2.5,"2,578"," Natural Gas, Forced Air", Central Air, 2, 1, 6, 6, Full, Finished,," $9,741.42"
Townhouse,$255/month,1978,Country Lakes,"$285,000","$285,000","$2,057", 1, Metea Valley High School,30W581 Fairway Dr 60563,4.0,2.5,"1,595"," Natural Gas, Forced Air", Central Air, 2, 1, 4, 0, Full, Partially Finished, 859," $4,598.86"
Single Family Residential,$92/month,1999,Naperville,"$665,000","$665,000","$4,520", 3, Neuqua Valley High School,2707 Rutland Rd 60564,4.0,3,"3,355"," Natural Gas, Forced Air", Central Air, 3,, 8, 1, Full, Unfinished,," $13,410"
Single Family Residential,$87/month,1997,White Eagle,"$765,000","$765,000","$4,987", 3, Waubonsie Valley High School,3660 White Eagle Dr 60564,5.0,4,"3,240"," Natural Gas, Forced Air", Central Air, 4,, 1, 5, Full, Finished," 1,560"," $13,099.86"
Townhouse,$245/month,2019,Emerson Park,"$400,000","$400,000","$2,777", 2, Waubonsie Valley High School,4408 Monroe Ct 60564,3.0,2.5,"1,910"," Natural Gas, Forced Air", Central Air, 2, 1, 4, 3, Full, Finished,," $6,488.32"
Single Family Residential,,1973,Bay Colony,"$415,000","$415,000","$2,309", 2, Naperville Central High School,225 Terrance Dr 60565,4.0,2.5,"2,074"," Natural Gas, Forced Air", Central Air, 2, 1, 5, 5,, None,," $2,921.60"
Single Family Residential,$21/month,2006,Naperville,"$1,050,000","$1,050,000","$6,944", 3, Neuqua Valley High School,3012 Kelltowne Ct 60565,4.0,4.5,"4,291"," Natural Gas, Forced Air, Zoned"," Central Air, Zoned", 4, 1, 5, 7, Full," Finished,9 ft + pour,Rec/Family Area",," $20,348"
Single Family Residential,$61/month,2000,Tall Grass,"$774,900","$774,900","$4,997", 2, Waubonsie Valley High School,3956 Bluejay Ln 60564,4.0,3.5,"3,250", Natural Gas, Central Air, 3, 1, 7, 4, Partial, Finished,," $12,944.28"
Single Family Residential,$28/month,2004,Auburn Lakes,"$410,000","$410,000","$2,814", 2, Oswego East High School,11510 Glenn Cir 60585,4.0,3.5,"2,383"," Natural Gas, Forced Air", Central Air, 3, 1, 9, 0, Full, Finished,," $8,940.42"
Single Family Residential,,1957,Naperville Heights,"$348,000","$348,000","$2,249", 1, Naperville North High School,1445 N Webster St 60563,3.0,2,"1,702"," Natural Gas, Forced Air", Central Air, 2,, 2, 3,, Crawl,," $6,202.44"
Condo,$478/month,1986,Riverplace,"$250,000","$250,000","$2,045", 2, Naperville Central High School,511 Aurora Ave 60540,1.0,1,915," Natural Gas, Radiant", Central Air, 1,, 3, 0,, None,," $3,869"
Single Family Residential,$63/month,2012,The Paddocks,"$1,195,000","$1,195,000","$7,867", 3, Neuqua Valley High School,1928 Saddle Farm Ln 60564,6.0,6,"4,650"," Natural Gas, Electric"," Central Air, Dual", 6,, 0, 9," Full, English", Finished,," $22,258.68"
